time,tavg,tmin,tmax,prcp
2015-01-01,26.1,21.9,30.1,
2015-01-02,26.8,22.2,,0.5
2015-01-03,26.9,23.0,,0.0
2015-01-04,26.0,22.4,30.9,
2015-01-05,26.2,22.6,,
2015-01-06,25.7,21.2,,
2015-01-07,25.3,21.6,30.4,
2015-01-08,25.6,21.7,30.2,
2015-01-09,24.8,,29.8,
2015-01-10,24.3,17.9,29.2,
2015-01-11,24.3,,29.1,
2015-01-12,23.6,,,
2015-01-13,23.9,18.3,29.2,
2015-01-14,23.3,18.8,29.2,
2015-01-15,24.8,18.7,29.8,
2015-01-16,25.1,21.1,29.8,
2015-01-17,24.5,,29.5,0.0
2015-01-18,23.8,,29.5,
2015-01-19,24.0,19.0,29.2,
2015-01-20,24.2,19.0,29.2,
2015-01-21,24.3,19.1,29.4,
2015-01-22,25.1,20.4,29.4,0.0
2015-01-23,25.5,22.4,,0.5
2015-01-24,25.1,,,0.0
2015-01-25,25.1,19.5,29.3,3.0
2015-01-26,25.3,,,0.0
2015-01-27,25.3,21.6,29.6,
2015-01-28,25.5,20.8,29.2,
2015-01-29,26.3,22.0,30.2,
2015-01-30,25.4,,30.2,
2015-01-31,25.3,20.4,,
2015-02-01,25.4,20.5,,
2015-02-02,25.7,21.0,,
2015-02-03,25.4,20.8,30.2,
2015-02-04,25.3,21.3,30.2,
2015-02-05,25.9,,31.4,
2015-02-06,26.0,21.6,31.4,
2015-02-07,26.1,20.3,,
2015-02-08,25.4,20.3,,
2015-02-09,25.2,20.7,30.4,
2015-02-10,24.8,21.0,30.2,
2015-02-11,25.8,21.1,,
2015-02-12,26.1,21.5,31.4,
2015-02-13,26.2,21.8,31.7,
2015-02-14,26.4,20.4,32.0,
2015-02-15,26.8,20.3,,
2015-02-16,26.4,,33.4,
2015-02-17,26.3,20.4,33.2,
2015-02-18,26.2,20.2,33.2,
2015-02-19,25.8,19.8,32.0,
2015-02-20,25.7,20.1,,
2015-02-21,26.1,21.4,,
2015-02-22,26.2,21.4,,
2015-02-23,25.7,,31.6,
2015-02-24,25.7,20.0,,
2015-02-25,25.7,19.6,32.3,
2015-02-26,27.1,21.0,32.3,
2015-02-27,27.8,22.8,32.0,
2015-02-28,27.9,23.8,32.0,
2015-03-01,28.3,24.5,31.6,
2015-03-02,28.2,,31.6,
2015-03-03,28.4,23.4,32.6,
2015-03-04,29.0,23.4,33.4,
2015-03-05,29.2,24.3,33.4,
2015-03-06,28.7,24.3,33.3,
2015-03-07,28.5,,33.1,
2015-03-08,28.3,23.9,33.1,
2015-03-09,28.0,,33.0,
2015-03-10,27.3,22.2,33.0,
2015-03-11,27.7,22.8,32.8,
2015-03-12,28.4,23.9,,
2015-03-13,28.0,24.1,33.1,
2015-03-14,28.8,23.2,33.1,
2015-03-15,28.4,,33.1,
2015-03-16,27.9,,32.8,
2015-03-17,28.0,21.6,33.1,
2015-03-18,28.8,21.1,35.2,
2015-03-19,28.6,21.8,35.2,
2015-03-20,27.9,23.1,34.0,
2015-03-21,29.1,23.0,,
2015-03-22,29.6,23.2,,
2015-03-23,29.4,23.7,36.3,
2015-03-24,29.2,23.7,35.2,
2015-03-25,29.1,23.9,34.3,
2015-03-26,28.7,24.2,33.3,
2015-03-27,29.2,24.3,33.7,
2015-03-28,29.7,24.8,34.5,
2015-03-29,29.8,25.0,34.5,
2015-03-30,30.1,24.8,34.4,
2015-03-31,30.1,26.3,34.3,
2015-04-01,29.8,26.0,34.2,
2015-04-02,30.6,26.0,36.3,
2015-04-03,31.4,25.9,38.0,
2015-04-04,31.4,27.0,38.0,
2015-04-05,31.1,26.7,37.8,
2015-04-06,30.7,26.0,36.8,
2015-04-07,30.6,26.2,35.6,
2015-04-08,30.6,25.6,35.0,
2015-04-09,30.7,26.7,34.8,
2015-04-10,30.1,25.4,,
2015-04-11,30.3,24.7,35.1,
2015-04-12,29.8,25.1,35.1,
2015-04-13,28.3,,,0.5
2015-04-14,29.2,22.0,34.4,0.8
2015-04-15,26.3,23.9,34.4,3.0
2015-04-16,28.9,24.0,,103.1
2015-04-17,29.1,25.0,33.9,0.0
2015-04-18,29.7,24.0,35.3,
2015-04-19,30.2,25.2,35.3,
2015-04-20,30.7,26.1,34.3,
2015-04-21,30.7,,34.7,
2015-04-22,31.3,26.4,35.3,
2015-04-23,31.6,27.3,37.3,
2015-04-24,29.3,,37.3,
2015-04-25,30.0,22.5,35.8,6.1
2015-04-26,30.8,26.9,35.4,0.0
2015-04-27,30.4,,34.6,
2015-04-28,30.7,25.4,35.9,
2015-04-29,31.2,26.6,36.7,
2015-04-30,31.6,27.1,37.1,
2015-05-01,31.9,27.3,37.1,
2015-05-02,32.1,,,
2015-05-03,31.1,24.4,37.7,0.0
2015-05-04,31.1,27.7,35.7,
2015-05-05,30.9,26.7,,
2015-05-06,31.0,26.2,,
2015-05-07,31.4,26.8,,
2015-05-08,31.7,27.1,36.2,
2015-05-09,32.1,26.5,37.0,
2015-05-10,31.8,27.5,37.0,
2015-05-11,31.0,28.3,35.8,
2015-05-12,31.4,27.4,35.2,0.0
2015-05-13,28.4,26.7,35.2,0.0
2015-05-14,29.2,25.9,,7.9
2015-05-15,28.8,26.6,34.1,11.9
2015-05-16,28.3,25.3,34.1,5.1
2015-05-17,29.4,24.6,,5.1
2015-05-18,31.3,24.8,36.8,0.0
2015-05-19,32.5,27.0,38.2,
2015-05-20,33.1,27.4,39.6,
2015-05-21,33.7,27.7,40.0,
2015-05-22,33.5,28.2,40.0,
2015-05-23,33.9,28.5,39.7,
2015-05-24,34.4,29.1,42.3,
2015-05-25,34.6,29.5,42.4,
2015-05-26,33.5,28.2,42.4,
2015-05-27,30.9,,39.6,
2015-05-28,32.6,26.0,,0.0
2015-05-29,32.8,27.0,40.3,
2015-05-30,32.1,27.7,40.3,
2015-05-31,32.6,27.6,,
2015-06-01,29.5,27.3,38.8,
2015-06-02,30.4,,37.8,
2015-06-03,31.1,25.3,37.8,
2015-06-04,31.6,27.2,,
2015-06-05,31.7,27.2,37.8,
2015-06-06,31.6,26.6,,
2015-06-07,32.4,27.8,38.9,0.0
2015-06-08,32.2,27.5,38.9,
2015-06-09,30.9,,38.4,
2015-06-10,31.7,24.6,,1.0
2015-06-11,32.2,,40.2,0.0
2015-06-12,31.2,23.8,40.2,23.1
2015-06-13,31.9,26.9,37.5,0.0
2015-06-14,31.6,25.8,38.1,
2015-06-15,32.4,26.4,38.1,4.1
2015-06-16,30.8,,36.7,0.0
2015-06-17,28.7,24.6,35.4,5.1
2015-06-18,27.7,25.6,30.3,0.0
2015-06-19,29.4,24.8,,1.0
2015-06-20,30.9,26.4,34.2,0.0
2015-06-21,32.6,26.8,,0.0
2015-06-22,33.6,26.7,,
2015-06-23,32.1,,38.6,
2015-06-24,33.3,26.4,39.0,
2015-06-25,33.6,28.2,39.0,
2015-06-26,33.9,26.7,38.8,0.5
2015-06-27,32.1,,,0.0
2015-06-28,31.5,26.2,,14.0
2015-06-29,31.7,26.6,38.5,0.8
2015-06-30,31.9,25.5,38.5,0.0
2015-07-01,31.8,25.6,38.6,2.0
2015-07-02,32.2,27.0,39.1,0.0
2015-07-03,32.4,26.3,39.1,2.0
2015-07-04,33.4,27.7,39.5,0.0
2015-07-05,34.1,28.5,40.4,
2015-07-06,33.6,28.7,40.4,
2015-07-07,32.6,28.4,40.3,
2015-07-08,32.8,28.2,40.3,
2015-07-09,33.2,28.3,40.3,0.0
2015-07-10,31.4,,39.9,3.0
2015-07-11,31.8,23.1,39.9,7.9
2015-07-12,31.9,26.7,39.2,0.0
2015-07-13,32.4,26.5,39.8,0.0
2015-07-14,32.2,26.0,39.8,2.0
2015-07-15,30.4,27.1,37.3,0.0
2015-07-16,31.9,26.9,38.6,0.0
2015-07-17,30.1,,39.0,
2015-07-18,30.2,24.7,39.0,
2015-07-19,30.7,23.3,38.8,31.0
2015-07-20,31.2,25.9,37.0,0.3
2015-07-21,30.7,25.4,37.0,3.0
2015-07-22,28.5,,36.6,4.1
2015-07-23,29.4,23.1,36.0,24.9
2015-07-24,30.4,23.2,36.3,17.0
2015-07-25,30.7,26.2,36.6,0.0
2015-07-26,30.3,,36.6,0.0
2015-07-27,29.4,23.0,,6.1
2015-07-28,29.8,24.7,36.6,1.0
2015-07-29,30.7,23.4,36.6,14.0
2015-07-30,30.9,26.6,36.3,0.0
2015-07-31,29.9,,35.3,
2015-08-01,29.4,21.8,,55.9
2015-08-02,28.9,23.2,34.1,8.9
2015-08-03,30.6,25.7,,0.5
2015-08-04,29.1,,,0.0
2015-08-05,29.8,21.6,35.3,61.0
2015-08-06,30.7,24.8,36.0,1.0
2015-08-07,29.9,26.2,36.0,0.5
2015-08-08,30.9,24.8,36.5,6.1
2015-08-09,31.2,26.2,37.1,2.0
2015-08-10,31.0,26.9,37.1,0.0
2015-08-11,30.6,25.4,36.9,1.0
2015-08-12,30.6,26.8,35.3,0.0
2015-08-13,31.0,26.7,36.0,
2015-08-14,30.6,25.3,36.0,
2015-08-15,30.7,,,
2015-08-16,29.7,23.6,36.8,5.1
2015-08-17,30.6,25.3,,0.0
2015-08-18,30.7,25.7,34.8,
2015-08-19,30.7,26.4,34.8,
2015-08-20,30.1,,,
2015-08-21,27.3,22.4,36.2,23.1
2015-08-22,27.8,22.8,32.0,5.1
2015-08-23,29.8,22.8,34.5,1.0
2015-08-24,30.8,25.2,35.8,0.0
2015-08-25,31.2,26.2,36.4,
2015-08-26,30.9,,36.4,
2015-08-27,29.0,24.8,35.2,1.0
2015-08-28,30.1,25.4,34.1,0.5
2015-08-29,31.2,24.6,36.3,0.0
2015-08-30,30.6,,37.3,2.0
2015-08-31,30.7,23.7,37.3,1.0
2015-09-01,31.7,26.7,36.8,0.0
2015-09-02,31.1,25.7,,
2015-09-03,30.0,26.1,36.8,0.0
2015-09-04,30.8,26.5,35.4,
2015-09-05,30.4,26.4,35.3,
2015-09-06,31.1,26.0,36.5,
2015-09-07,28.3,25.8,36.5,0.0
2015-09-08,30.1,24.7,35.2,0.5
2015-09-09,29.5,,35.2,0.0
2015-09-10,29.4,22.2,34.1,35.1
2015-09-11,30.1,25.7,33.5,0.3
2015-09-12,30.1,26.3,34.0,0.5
2015-09-13,30.3,25.6,36.0,0.0
2015-09-14,30.7,25.2,36.0,0.0
2015-09-15,31.3,26.7,36.6,0.0
2015-09-16,32.2,27.5,37.1,
2015-09-17,31.2,27.3,37.1,
2015-09-18,30.8,26.2,36.7,
2015-09-19,30.6,25.7,35.8,1.0
2015-09-20,30.1,24.6,36.2,0.0
2015-09-21,30.2,22.7,36.2,23.1
2015-09-22,30.6,25.8,35.1,0.0
2015-09-23,30.7,26.2,35.0,
2015-09-24,31.0,26.0,,
2015-09-25,31.0,26.0,,
2015-09-26,30.7,25.0,,
2015-09-27,29.6,26.3,36.8,
2015-09-28,29.1,25.4,35.5,
2015-09-29,28.1,24.6,34.4,
2015-09-30,29.2,24.0,34.5,0.0
2015-10-01,28.9,24.6,34.5,1.0
2015-10-02,29.5,25.0,36.0,0.5
2015-10-03,28.1,22.8,36.0,26.9
2015-10-04,29.3,,,0.0
2015-10-05,27.4,22.7,34.5,16.0
2015-10-06,29.6,23.8,,0.0
2015-10-07,29.1,24.7,35.5,
2015-10-08,29.4,22.4,35.5,17.0
2015-10-09,29.2,25.0,34.3,0.0
2015-10-10,30.2,23.8,35.4,1.0
2015-10-11,28.8,22.4,35.4,21.1
2015-10-12,30.0,25.2,35.0,0.0
2015-10-13,29.6,23.9,,
2015-10-14,29.8,24.1,35.0,
2015-10-15,29.3,24.4,34.6,
2015-10-16,28.8,24.4,33.8,
2015-10-17,29.1,24.3,,
2015-10-18,29.7,24.7,34.3,
2015-10-19,29.5,25.2,34.3,3.0
2015-10-20,30.0,25.1,,0.0
2015-10-21,28.9,,,
2015-10-22,28.3,23.7,33.8,
2015-10-23,26.2,23.3,33.2,
2015-10-24,27.6,22.0,32.2,7.1
2015-10-25,28.4,23.2,33.0,0.0
2015-10-26,28.6,23.8,33.2,0.0
2015-10-27,28.4,25.0,33.9,0.5
2015-10-28,27.3,22.0,33.9,14.0
2015-10-29,27.1,23.3,31.8,14.0
2015-10-30,26.9,23.5,31.0,13.0
2015-10-31,26.4,,31.0,23.9
2015-11-01,26.4,,,9.9
2015-11-02,28.2,22.6,,55.9
2015-11-03,27.3,24.6,32.1,0.0
2015-11-04,28.4,23.9,32.1,0.3
2015-11-05,27.4,21.3,32.2,4.1
2015-11-06,28.5,24.2,32.5,0.8
2015-11-07,26.9,24.1,32.5,7.1
2015-11-08,25.7,23.0,30.3,42.9
2015-11-09,26.0,22.6,27.0,166.9
2015-11-10,26.1,21.6,,47.0
2015-11-11,26.3,22.2,29.8,25.9
2015-11-12,27.4,22.8,31.0,73.9
2015-11-13,25.0,23.2,31.0,118.1
2015-11-14,26.7,22.5,,9.9
2015-11-15,24.9,23.0,28.8,13.0
2015-11-16,25.5,22.2,29.0,264.9
2015-11-17,25.2,21.2,28.2,40.9
2015-11-18,25.7,21.7,29.1,0.0
2015-11-19,26.2,23.0,29.2,3.0
2015-11-20,27.3,22.8,31.1,37.1
2015-11-21,27.3,23.6,31.1,17.0
2015-11-22,26.7,23.6,30.9,13.0
2015-11-23,26.3,22.4,31.1,52.1
2015-11-24,26.9,22.1,31.1,138.9
2015-11-25,27.5,22.0,31.0,0.0
2015-11-26,27.3,24.6,30.8,0.3
2015-11-27,26.2,21.7,,0.0
2015-11-28,27.1,21.2,30.9,
2015-11-29,27.2,24.2,31.3,6.1
2015-11-30,25.9,23.8,28.0,26.9
2015-12-01,24.6,21.9,28.2,64.0
2015-12-02,24.8,21.5,,344.9
2015-12-03,25.4,21.5,28.8,27.9
2015-12-04,25.4,22.2,29.1,13.0
2015-12-05,25.8,20.8,29.1,35.1
2015-12-06,25.4,22.8,28.3,21.1
2015-12-07,26.8,22.7,30.0,25.9
2015-12-08,26.2,22.4,29.8,0.0
2015-12-09,26.7,22.1,30.0,7.1
2015-12-10,26.9,23.6,30.0,3.0
2015-12-11,27.3,22.2,32.0,0.0
2015-12-12,27.5,22.6,32.0,
2015-12-13,27.5,21.1,32.0,
2015-12-14,26.2,22.4,31.4,
2015-12-15,25.6,22.0,31.0,
2015-12-16,26.3,19.5,32.0,
2015-12-17,26.7,21.1,31.0,
2015-12-18,27.3,21.3,32.0,
2015-12-19,27.4,23.2,32.0,
2015-12-20,26.8,,,
2015-12-21,27.1,20.8,33.0,
2015-12-22,27.4,21.8,32.9,
2015-12-23,27.7,22.6,32.0,
2015-12-24,27.1,21.9,32.0,
2015-12-25,26.9,21.4,32.0,
2015-12-26,25.8,21.3,31.0,
2015-12-27,26.7,23.0,31.0,0.0
2015-12-28,26.3,22.8,31.0,
2015-12-29,26.1,21.3,31.0,
2015-12-30,26.1,20.3,31.0,
2015-12-31,26.3,20.8,31.0,
2016-01-01,26.3,21.2,30.2,
2016-01-02,25.8,20.6,31.0,
2016-01-03,25.9,19.6,32.0,
2016-01-04,26.6,20.5,32.0,
2016-01-05,26.1,20.5,31.3,
2016-01-06,26.4,20.5,31.0,
2016-01-07,26.0,20.2,30.0,
2016-01-08,25.9,21.1,31.0,
2016-01-09,25.2,22.0,30.3,
2016-01-10,25.1,19.1,30.0,
2016-01-11,25.3,19.6,31.0,
2016-01-12,25.0,19.8,30.0,
2016-01-13,25.3,19.5,31.0,
2016-01-14,25.6,19.9,31.0,
2016-01-15,25.2,19.4,31.0,
2016-01-16,24.9,18.7,31.0,
2016-01-17,25.0,19.1,30.3,
2016-01-18,26.9,20.0,31.0,
2016-01-19,27.6,21.6,31.0,
2016-01-20,27.4,23.5,30.8,
2016-01-21,27.8,23.6,32.0,
2016-01-22,27.3,22.6,31.2,
2016-01-23,26.9,23.4,30.4,2.0
2016-01-24,27.1,25.0,30.0,0.0
2016-01-25,26.4,21.6,31.0,0.0
2016-01-26,26.3,20.8,31.0,
2016-01-27,26.3,20.9,31.0,
2016-01-28,26.5,20.3,32.0,
2016-01-29,26.1,21.1,32.0,
2016-01-30,26.4,20.7,33.0,
2016-01-31,25.9,23.0,32.0,
2016-02-01,26.1,20.2,32.0,
2016-02-02,26.0,19.7,33.0,
2016-02-03,26.4,21.0,32.8,
2016-02-04,26.6,20.2,32.3,
2016-02-05,26.9,22.1,,
2016-02-06,26.1,22.0,32.2,
2016-02-07,27.3,21.8,,
2016-02-08,26.7,22.1,32.0,
2016-02-09,26.2,21.6,31.2,
2016-02-10,27.8,21.0,33.0,
2016-02-11,27.2,21.6,33.5,
2016-02-12,26.9,21.0,32.8,
2016-02-13,26.9,21.2,32.7,
2016-02-14,25.9,21.6,32.3,
2016-02-15,26.7,20.8,31.6,
2016-02-16,27.3,21.6,31.6,
2016-02-17,27.8,24.0,32.2,
2016-02-18,27.6,23.6,32.6,
2016-02-19,27.8,22.5,32.6,
2016-02-20,28.4,23.3,33.0,
2016-02-21,28.4,23.7,33.8,
2016-02-22,28.1,23.2,33.8,
2016-02-23,27.7,21.2,34.4,
2016-02-24,28.0,20.9,32.4,
2016-02-25,28.7,23.1,33.4,
2016-02-26,28.6,26.2,32.8,
2016-02-27,28.4,23.0,32.3,
2016-02-28,28.8,26.0,32.8,
2016-02-29,28.7,24.1,32.6,
2016-03-01,28.7,23.8,32.6,
2016-03-02,28.6,23.7,33.3,
2016-03-03,28.2,23.1,33.0,
2016-03-04,27.9,22.8,,
2016-03-05,28.7,23.4,33.0,
2016-03-06,28.4,23.3,33.6,
2016-03-07,29.2,22.6,33.3,
2016-03-08,29.3,23.4,33.3,
2016-03-09,28.7,22.6,33.0,
2016-03-10,29.7,23.8,34.0,
2016-03-11,29.8,23.0,34.0,
2016-03-12,29.8,24.6,34.0,
2016-03-13,29.7,24.2,35.0,
2016-03-14,29.6,24.5,35.3,
2016-03-15,29.4,24.2,,
2016-03-16,29.7,24.3,34.3,
2016-03-17,29.5,25.0,34.4,
2016-03-18,29.3,26.4,34.1,
2016-03-19,30.0,22.5,37.0,
2016-03-20,30.7,24.1,37.4,
2016-03-21,31.6,24.4,38.0,
2016-03-22,31.6,26.2,39.0,
2016-03-23,30.7,,,
2016-03-24,30.1,25.8,36.8,
2016-03-25,29.2,23.8,34.6,
2016-03-26,29.1,24.2,34.1,
2016-03-27,29.1,23.0,33.9,
2016-03-28,29.7,23.3,33.8,
2016-03-29,30.1,25.4,34.2,
2016-03-30,30.2,25.0,35.0,
2016-03-31,29.9,25.1,35.0,
2016-04-01,30.2,24.8,35.0,
2016-04-02,30.4,25.2,35.4,
2016-04-03,30.6,25.2,36.0,
2016-04-04,30.6,25.6,36.4,
2016-04-05,30.4,24.8,36.4,
2016-04-06,30.6,24.6,37.0,
2016-04-07,30.9,26.4,36.4,
2016-04-08,30.7,26.4,36.2,
2016-04-09,30.5,24.8,35.3,
2016-04-10,30.2,24.6,35.2,
2016-04-11,30.4,24.2,36.2,
2016-04-12,31.4,25.2,36.7,
2016-04-13,32.3,27.2,37.0,
2016-04-14,32.2,28.0,38.8,
2016-04-15,31.9,27.7,39.2,
2016-04-16,31.6,26.8,37.4,
2016-04-17,31.6,26.8,37.4,
2016-04-18,31.1,27.1,37.0,
2016-04-19,31.2,28.6,36.3,
2016-04-20,31.7,26.2,36.1,
2016-04-21,32.3,27.4,37.6,
2016-04-22,33.6,27.7,41.2,
2016-04-23,33.5,28.4,41.8,
2016-04-24,33.0,28.4,40.4,
2016-04-25,33.0,28.5,38.5,
2016-04-26,31.7,27.7,38.6,
2016-04-27,31.4,26.8,37.2,
2016-04-28,31.9,27.0,37.0,
2016-04-29,31.9,26.8,38.5,
2016-04-30,31.6,26.8,38.0,
2016-05-01,32.3,26.7,39.0,
2016-05-02,32.2,26.7,39.4,
2016-05-03,32.7,27.7,38.8,
2016-05-04,32.2,28.4,38.6,
2016-05-05,31.9,27.8,38.2,
2016-05-06,31.9,27.8,37.0,
2016-05-07,31.8,27.8,37.2,
2016-05-08,32.2,27.1,37.2,
2016-05-09,32.2,28.6,37.5,
2016-05-10,32.3,28.1,37.0,
2016-05-11,32.1,28.7,37.5,
2016-05-12,32.4,27.6,37.0,
2016-05-13,32.3,27.6,38.0,
2016-05-14,32.3,27.3,38.3,
2016-05-15,32.2,28.8,37.9,
2016-05-16,29.9,25.6,37.0,2.0
2016-05-17,26.0,23.2,34.0,71.1
2016-05-18,25.9,23.6,27.4,117.1
2016-05-19,28.5,23.4,32.6,55.1
2016-05-20,31.1,25.0,35.2,0.0
2016-05-21,32.7,26.9,,
2016-05-22,33.7,27.9,39.6,
2016-05-23,33.8,28.1,39.4,
2016-05-24,33.9,27.0,40.0,
2016-05-25,34.6,28.1,41.0,
2016-05-26,33.9,29.0,41.2,
2016-05-27,32.4,29.0,40.6,
2016-05-28,32.6,27.1,40.0,
2016-05-29,32.6,27.2,40.3,
2016-05-30,32.9,27.8,38.2,
2016-05-31,32.7,27.7,39.0,
2016-06-01,32.5,27.8,39.0,
2016-06-02,31.6,27.4,39.4,
2016-06-03,31.8,27.8,38.0,
2016-06-04,31.1,27.0,38.6,
2016-06-05,31.2,27.8,37.0,
2016-06-06,30.8,26.0,36.4,
2016-06-07,29.6,22.4,36.8,30.0
2016-06-08,29.0,24.2,36.0,4.1
2016-06-09,31.2,25.5,35.8,7.1
2016-06-10,31.9,27.0,36.7,0.0
2016-06-11,32.4,27.0,37.2,
2016-06-12,32.3,27.6,37.8,
2016-06-13,33.1,28.7,38.0,
2016-06-14,33.2,28.0,38.0,0.0
2016-06-15,33.0,28.5,38.3,
2016-06-16,32.4,28.8,37.6,
2016-06-17,32.1,28.2,37.1,
2016-06-18,31.1,29.0,35.8,
2016-06-19,30.7,27.0,35.8,
2016-06-20,29.3,23.5,36.5,10.9
2016-06-21,29.3,25.2,34.0,0.0
2016-06-22,29.4,25.3,35.3,2.0
2016-06-23,28.9,25.2,33.8,0.0
2016-06-24,30.4,25.8,34.0,0.0
2016-06-25,28.2,26.0,34.4,2.0
2016-06-26,28.1,23.1,32.0,7.1
2016-06-27,28.8,23.6,33.0,17.0
2016-06-28,28.1,24.0,34.0,0.0
2016-06-29,27.7,23.2,34.3,30.0
2016-06-30,30.0,25.7,33.0,3.0
2016-07-01,31.4,26.2,35.0,0.0
2016-07-02,31.1,27.7,36.0,
2016-07-03,31.2,27.4,36.5,
2016-07-04,31.4,26.5,36.0,
2016-07-05,31.3,26.8,36.7,
2016-07-06,30.9,25.4,36.4,
2016-07-07,29.3,24.5,36.8,
2016-07-08,30.9,24.4,34.0,
2016-07-09,32.0,27.2,36.0,
2016-07-10,31.9,27.2,36.0,
2016-07-11,32.4,27.4,36.0,
2016-07-12,32.4,27.4,37.1,
2016-07-13,31.9,27.1,37.3,
2016-07-14,31.7,27.6,37.7,0.0
2016-07-15,31.1,26.8,37.5,
2016-07-16,30.4,26.4,36.2,
2016-07-17,29.6,26.0,36.3,
2016-07-18,29.7,23.1,35.1,36.1
2016-07-19,28.6,24.0,35.5,8.9
2016-07-20,29.3,23.6,33.0,7.1
2016-07-21,29.3,25.4,32.9,0.0
2016-07-22,29.2,26.0,34.0,0.0
2016-07-23,29.2,25.8,34.6,0.0
2016-07-24,30.6,26.4,35.0,
2016-07-25,29.2,25.7,35.1,
2016-07-26,29.6,24.7,33.7,0.0
2016-07-27,29.7,25.8,34.2,
2016-07-28,30.1,26.4,35.0,0.0
2016-07-29,29.5,23.3,34.8,3.0
2016-07-30,28.6,24.8,34.2,0.0
2016-07-31,29.6,23.6,34.4,4.1
2016-08-01,29.7,26.7,34.0,0.0
2016-08-02,30.5,25.8,34.4,0.0
2016-08-03,31.3,26.1,35.4,0.0
2016-08-04,31.6,27.4,36.0,
2016-08-05,31.4,28.2,36.1,
2016-08-06,32.3,27.3,36.0,
2016-08-07,32.0,27.6,37.1,
2016-08-08,31.4,26.9,37.0,0.3
2016-08-09,30.7,26.6,37.9,1.0
2016-08-10,31.1,25.4,37.5,5.1
2016-08-11,31.6,26.6,37.4,0.5
2016-08-12,31.6,27.0,37.3,0.0
2016-08-13,30.6,27.0,36.8,0.0
2016-08-14,31.6,25.5,36.6,3.0
2016-08-15,32.6,27.4,37.4,0.0
2016-08-16,32.7,27.8,38.0,
2016-08-17,32.4,27.5,37.6,
2016-08-18,31.7,27.4,37.6,
2016-08-19,31.9,27.4,38.4,
2016-08-20,32.0,26.8,38.3,
2016-08-21,31.7,26.8,38.4,
2016-08-22,31.9,28.8,37.0,
2016-08-23,30.4,25.0,37.6,0.3
2016-08-24,31.2,24.0,38.0,2.0
2016-08-25,30.1,26.6,38.3,0.0
2016-08-26,28.6,25.0,34.6,0.5
2016-08-27,28.1,24.6,32.4,14.0
2016-08-28,29.5,24.8,33.2,14.0
2016-08-29,29.5,25.6,34.0,0.5
2016-08-30,27.9,26.0,35.0,0.0
2016-08-31,28.3,23.3,35.0,27.9
2016-09-01,28.9,24.6,35.0,0.0
2016-09-02,29.4,23.5,36.1,25.9
2016-09-03,29.1,25.0,35.6,0.0
2016-09-04,29.5,23.1,33.4,33.0
2016-09-05,30.2,26.2,33.6,0.0
2016-09-06,30.6,25.9,34.0,
2016-09-07,30.6,26.0,36.0,0.3
2016-09-08,30.8,25.2,36.0,0.0
2016-09-09,30.2,26.0,36.5,0.3
2016-09-10,29.3,25.0,36.0,5.1
2016-09-11,28.8,23.7,36.2,53.1
2016-09-12,28.9,25.2,31.6,0.0
2016-09-13,29.3,25.8,32.0,0.0
2016-09-14,28.0,26.6,32.3,0.0
2016-09-15,29.2,24.0,35.0,1.0
2016-09-16,29.0,22.6,34.0,27.9
2016-09-17,28.2,23.0,35.1,26.9
2016-09-18,30.4,25.1,35.0,0.0
2016-09-19,30.7,26.7,36.0,0.0
2016-09-20,27.7,27.0,35.5,0.8
2016-09-21,28.3,23.1,32.2,6.1
2016-09-22,30.3,23.4,34.8,1.0
2016-09-23,30.9,26.4,35.3,0.8
2016-09-24,31.1,26.5,35.5,0.0
2016-09-25,31.0,26.2,35.5,
2016-09-26,31.2,28.8,35.4,0.0
2016-09-27,30.0,25.4,35.9,0.0
2016-09-28,27.5,23.8,34.0,0.0
2016-09-29,27.7,22.6,33.2,77.0
2016-09-30,29.7,24.0,34.2,0.5
2016-10-01,30.7,25.4,34.2,0.0
2016-10-02,29.9,26.0,35.0,
2016-10-03,29.6,25.8,34.6,
2016-10-04,30.1,25.7,34.0,
2016-10-05,30.8,25.6,35.0,
2016-10-06,31.1,26.4,35.0,
2016-10-07,30.7,26.8,36.0,
2016-10-08,30.8,26.6,36.4,
2016-10-09,30.2,27.0,36.8,
2016-10-10,30.4,24.3,36.0,2.0
2016-10-11,29.9,24.8,35.8,0.0
2016-10-12,30.5,26.0,35.1,0.5
2016-10-13,30.2,26.4,36.4,0.0
2016-10-14,29.6,25.4,34.5,
2016-10-15,28.8,24.3,34.2,
2016-10-16,28.7,23.7,35.1,
2016-10-17,28.4,23.9,34.2,
2016-10-18,28.8,23.4,34.2,
2016-10-19,28.7,23.6,35.0,
2016-10-20,28.7,25.0,34.9,
2016-10-21,28.9,23.7,34.6,
2016-10-22,28.7,25.4,34.4,
2016-10-23,28.1,22.7,35.0,
2016-10-24,28.2,22.0,34.4,
2016-10-25,28.0,22.0,34.9,
2016-10-26,28.7,22.4,35.0,
2016-10-27,28.4,23.4,35.0,
2016-10-28,29.4,24.5,34.6,
2016-10-29,29.1,25.7,33.8,
2016-10-30,27.1,24.5,33.7,0.3
2016-10-31,28.1,24.0,33.0,3.0
2016-11-01,27.6,24.1,33.4,0.3
2016-11-02,26.4,23.3,33.3,6.1
2016-11-03,27.0,23.1,30.3,16.0
2016-11-04,29.1,23.4,34.4,2.0
2016-11-05,28.0,23.9,34.8,0.0
2016-11-06,28.8,23.0,34.0,
2016-11-07,27.8,23.6,34.5,
2016-11-08,26.8,24.0,33.0,
2016-11-09,26.2,20.4,31.8,
2016-11-10,26.3,21.0,32.3,
2016-11-11,26.4,21.6,31.7,
2016-11-12,27.9,22.0,31.7,
2016-11-13,27.8,23.5,31.8,26.9
2016-11-14,28.8,24.2,32.3,0.0
2016-11-15,28.6,23.7,33.0,
2016-11-16,28.4,22.9,33.0,0.5
2016-11-17,27.5,25.0,32.0,6.1
2016-11-18,27.0,24.0,31.2,0.0
2016-11-19,26.3,22.7,31.3,
2016-11-20,26.2,22.2,31.0,
2016-11-21,26.4,23.0,31.0,
2016-11-22,26.0,22.0,31.5,
2016-11-23,26.2,20.6,32.0,
2016-11-24,25.8,22.0,32.0,
2016-11-25,25.7,20.9,31.1,
2016-11-26,25.7,20.4,31.8,
2016-11-27,24.8,19.0,31.7,
2016-11-28,24.5,19.0,32.1,
2016-11-29,24.8,19.7,30.8,
2016-11-30,25.7,20.6,30.8,
2016-12-01,24.6,22.0,30.3,1.0
2016-12-02,25.7,22.0,30.0,35.1
2016-12-03,25.7,21.0,29.5,70.1
2016-12-04,26.3,22.9,30.0,31.0
2016-12-05,26.7,23.0,31.0,0.5
2016-12-06,25.8,21.4,31.0,0.0
2016-12-07,25.7,21.2,31.2,
2016-12-08,25.8,23.0,30.0,
2016-12-09,25.1,20.3,30.2,
2016-12-10,24.6,19.5,30.5,
2016-12-11,24.6,19.4,30.0,
2016-12-12,22.2,19.4,30.4,54.1
2016-12-13,26.0,20.3,29.0,202.9
2016-12-14,26.2,21.2,30.0,0.0
2016-12-15,26.7,22.1,30.6,
2016-12-16,26.4,24.0,31.3,2.0
2016-12-17,25.6,21.3,30.5,0.0
2016-12-18,25.2,20.0,30.0,
2016-12-19,25.4,20.3,30.0,
2016-12-20,25.8,21.7,30.3,
2016-12-21,26.1,21.6,30.0,
2016-12-22,24.7,21.8,30.6,
2016-12-23,24.1,18.5,30.8,
2016-12-24,23.9,18.6,29.8,
2016-12-25,24.4,18.7,29.3,
2016-12-26,25.0,19.0,29.8,
2016-12-27,26.0,21.2,,
2016-12-28,25.8,24.0,30.5,
2016-12-29,25.1,20.5,30.6,
2016-12-30,24.7,19.9,30.3,
2016-12-31,24.9,18.8,30.2,
2017-01-01,25.7,21.3,31.0,1.0
2017-01-02,25.8,21.0,31.0,
2017-01-03,24.9,19.7,30.3,
2017-01-04,24.9,19.3,31.2,
2017-01-05,25.1,20.0,30.6,
2017-01-06,25.0,20.0,30.3,
2017-01-07,25.5,19.7,31.0,
2017-01-08,24.2,18.4,30.5,
2017-01-09,24.2,18.8,29.2,
2017-01-10,24.7,19.0,30.0,
2017-01-11,24.7,19.2,30.8,
2017-01-12,25.2,20.1,30.5,
2017-01-13,25.1,20.1,30.8,
2017-01-14,25.1,19.7,30.3,
2017-01-15,25.1,21.0,30.3,
2017-01-16,23.9,19.9,30.4,
2017-01-17,24.2,19.0,29.2,
2017-01-18,24.8,19.7,29.7,
2017-01-19,25.9,19.3,30.0,
2017-01-20,26.4,22.4,30.3,
2017-01-21,27.1,26.0,30.0,
2017-01-22,26.4,23.0,31.0,
2017-01-23,25.8,21.5,31.0,
2017-01-24,26.3,21.3,32.0,
2017-01-25,26.6,23.0,30.5,
2017-01-26,26.7,24.4,30.8,0.0
2017-01-27,26.3,23.3,30.3,4.1
2017-01-28,26.6,23.8,30.6,4.1
2017-01-29,25.7,23.0,31.0,0.0
2017-01-30,25.8,20.8,31.2,
2017-01-31,25.3,22.0,30.7,
2017-02-01,25.2,19.7,31.0,
2017-02-02,25.4,19.7,31.0,
2017-02-03,25.6,20.4,30.3,
2017-02-04,25.3,19.7,30.6,
2017-02-05,25.3,20.2,30.5,
2017-02-06,26.1,19.4,32.2,
2017-02-07,25.7,18.4,33.0,
2017-02-08,25.7,18.8,33.5,
2017-02-09,24.9,19.6,31.8,
2017-02-10,25.3,18.7,31.2,
2017-02-11,25.4,18.6,31.8,
2017-02-12,25.8,19.4,30.8,
2017-02-13,27.3,21.4,31.0,
2017-02-14,27.8,26.0,32.0,
2017-02-15,27.0,22.0,32.0,
2017-02-16,26.8,22.0,31.0,
2017-02-17,25.5,19.1,31.5,
2017-02-18,25.7,19.0,31.0,
2017-02-19,26.1,19.9,31.2,
2017-02-20,27.7,20.0,35.2,
2017-02-21,27.9,21.4,35.5,
2017-02-22,27.8,21.2,35.0,
2017-02-23,27.5,21.7,34.0,
2017-02-24,26.9,21.2,33.8,
2017-02-25,26.3,20.5,32.3,
2017-02-26,25.8,21.7,32.1,
2017-02-27,26.5,21.6,31.0,
2017-02-28,26.3,21.0,32.0,
2017-03-01,26.3,20.1,32.0,
2017-03-02,26.8,21.2,32.0,
2017-03-03,27.9,20.9,33.0,
2017-03-04,28.8,24.2,33.6,
2017-03-05,28.9,25.0,33.2,
2017-03-06,29.4,24.8,34.4,
2017-03-07,29.8,25.8,34.6,
2017-03-08,29.4,25.7,34.0,
2017-03-09,29.7,25.6,33.6,
2017-03-10,30.1,25.7,35.0,
2017-03-11,30.7,26.1,35.0,
2017-03-12,30.4,26.1,36.4,
2017-03-13,29.9,25.8,35.3,
2017-03-14,29.6,26.5,34.6,
2017-03-15,29.6,25.1,33.9,
2017-03-16,29.1,24.6,33.7,
2017-03-17,29.4,24.4,34.0,
2017-03-18,29.5,24.5,35.0,
2017-03-19,29.8,24.6,35.4,
2017-03-20,30.4,25.7,36.0,
2017-03-21,30.6,25.7,36.9,
2017-03-22,29.6,25.0,36.6,
2017-03-23,28.9,23.3,34.3,
2017-03-24,28.8,22.6,34.0,
2017-03-25,28.6,22.0,34.0,
2017-03-26,28.8,23.1,34.3,
2017-03-27,29.1,21.6,34.0,
2017-03-28,29.6,24.2,35.3,
2017-03-29,29.8,23.9,34.3,
2017-03-30,30.5,23.7,34.6,
2017-03-31,30.4,25.0,35.3,
2017-04-01,30.2,24.5,35.5,
2017-04-02,30.6,24.7,36.0,
2017-04-03,31.2,25.3,37.8,
2017-04-04,30.9,26.4,37.2,
2017-04-05,31.3,26.7,36.0,
2017-04-06,31.4,26.6,37.0,
2017-04-07,31.3,26.2,37.0,
2017-04-08,31.0,25.7,37.5,
2017-04-09,31.2,26.2,36.8,
2017-04-10,31.4,26.0,37.0,
2017-04-11,31.4,26.5,38.1,
2017-04-12,31.1,26.0,36.8,
2017-04-13,30.3,25.6,35.8,
2017-04-14,29.7,24.8,35.8,
2017-04-15,30.7,24.7,36.0,
2017-04-16,32.6,26.1,40.0,
2017-04-17,33.4,26.7,41.8,
2017-04-18,32.5,27.7,42.2,
2017-04-19,32.2,27.2,38.6,
2017-04-20,31.9,26.7,38.0,
2017-04-21,32.6,27.2,39.0,
2017-04-22,33.0,27.4,39.0,
2017-04-23,32.9,27.1,39.0,
2017-04-24,32.7,27.7,39.1,
2017-04-25,32.4,28.0,39.4,
2017-04-26,31.9,27.4,37.2,
2017-04-27,32.7,27.4,38.0,
2017-04-28,32.2,27.0,38.8,
2017-04-29,32.6,26.8,36.2,
2017-04-30,32.2,27.2,38.0,
2017-05-01,31.5,26.7,37.8,
2017-05-02,31.1,27.0,36.8,
2017-05-03,31.1,25.7,35.4,
2017-05-04,31.6,25.0,36.4,
2017-05-05,31.8,26.5,36.7,
2017-05-06,32.5,27.0,37.0,
2017-05-07,32.1,27.8,37.5,
2017-05-08,32.3,26.6,38.0,
2017-05-09,32.2,28.0,39.0,
2017-05-10,31.2,26.1,39.0,0.0
2017-05-11,30.5,27.1,35.5,
2017-05-12,31.9,26.0,36.0,
2017-05-13,31.9,26.2,37.0,
2017-05-14,33.3,27.3,40.0,
2017-05-15,34.4,28.3,42.0,
2017-05-16,34.8,28.9,42.5,
2017-05-17,35.1,29.0,42.0,
2017-05-18,34.9,29.9,43.0,
2017-05-19,34.1,28.2,43.6,
2017-05-20,34.8,28.9,42.1,
2017-05-21,33.7,28.5,41.6,
2017-05-22,33.3,28.8,39.8,
2017-05-23,33.3,27.7,40.0,
2017-05-24,33.7,28.4,40.0,
2017-05-25,33.3,28.6,41.0,
2017-05-26,33.6,29.2,40.0,
2017-05-27,33.1,28.0,40.9,
2017-05-28,34.9,29.2,40.0,
2017-05-29,35.6,29.8,41.0,
2017-05-30,34.8,29.7,41.8,
2017-05-31,33.9,29.1,41.7,
2017-06-01,33.4,27.7,40.7,
2017-06-02,32.6,27.8,39.8,
2017-06-03,34.1,28.4,40.0,
2017-06-04,33.7,29.7,40.8,
2017-06-05,34.2,28.6,41.2,
2017-06-06,31.6,25.8,41.8,
2017-06-07,30.3,23.8,40.6,11.9
2017-06-08,31.9,26.7,36.0,0.0
2017-06-09,33.2,28.7,37.0,0.0
2017-06-10,34.0,28.6,38.0,
2017-06-11,33.1,28.7,38.1,
2017-06-12,33.4,28.3,39.0,
2017-06-13,33.2,28.2,39.0,
2017-06-14,32.9,27.7,39.0,
2017-06-15,32.2,26.9,39.1,
2017-06-16,31.5,27.0,37.8,
2017-06-17,32.3,24.8,38.0,
2017-06-18,32.2,27.7,38.3,
2017-06-19,29.6,25.0,37.4,
2017-06-20,29.4,23.0,36.8,
2017-06-21,32.1,25.1,38.0,
2017-06-22,31.8,26.9,38.3,
2017-06-23,31.4,24.6,39.0,
2017-06-24,30.2,22.4,39.0,25.9
2017-06-25,31.5,24.8,36.3,10.9
2017-06-26,32.4,26.6,36.7,0.0
2017-06-27,31.7,27.8,36.0,
2017-06-28,32.6,27.0,37.0,0.0
2017-06-29,33.3,27.8,38.2,
2017-06-30,32.6,28.5,38.6,
2017-07-01,32.5,27.9,36.9,2.0
2017-07-02,32.9,27.2,38.0,0.0
2017-07-03,32.3,27.4,38.8,
2017-07-04,32.6,25.6,37.5,2.0
2017-07-05,33.1,27.5,39.0,0.0
2017-07-06,31.3,24.0,39.3,
2017-07-07,30.4,21.2,38.6,47.0
2017-07-08,30.4,26.8,34.3,0.0
2017-07-09,29.9,23.2,36.0,0.0
2017-07-10,30.9,22.2,37.5,46.0
2017-07-11,30.8,23.6,36.5,0.0
2017-07-12,27.7,23.0,35.0,56.9
2017-07-13,30.7,25.2,33.4,0.0
2017-07-14,29.7,28.0,33.8,0.3
2017-07-15,29.9,26.8,32.0,0.0
2017-07-16,30.6,25.2,34.0,0.3
2017-07-17,30.9,27.7,33.9,0.0
2017-07-18,31.4,28.2,36.0,
2017-07-19,30.8,26.0,37.0,0.3
2017-07-20,32.1,24.9,37.4,2.0
2017-07-21,32.3,27.8,38.0,0.0
2017-07-22,32.4,28.5,38.5,
2017-07-23,32.6,28.0,38.0,
2017-07-24,32.7,27.8,38.6,
2017-07-25,32.3,27.7,38.7,
2017-07-26,31.8,26.0,37.8,0.0
2017-07-27,31.3,24.0,38.0,36.1
2017-07-28,30.0,25.0,37.0,0.0
2017-07-29,31.0,24.2,36.7,2.0
2017-07-30,30.8,25.9,36.1,1.0
2017-07-31,30.7,26.2,35.0,0.0
2017-08-01,30.7,26.6,36.0,
2017-08-02,29.8,23.4,36.8,10.9
2017-08-03,31.2,25.0,36.3,7.9
2017-08-04,31.4,27.3,36.0,0.0
2017-08-05,30.1,27.0,36.8,0.8
2017-08-06,31.0,25.5,37.0,4.1
2017-08-07,30.4,25.9,37.2,0.0
2017-08-08,30.9,23.8,35.0,6.1
2017-08-09,30.0,25.6,36.0,0.0
2017-08-10,30.1,25.2,35.7,6.1
2017-08-11,29.4,25.0,34.6,0.0
2017-08-12,30.1,23.9,35.0,19.1
2017-08-13,27.9,23.6,34.6,7.1
2017-08-14,29.2,24.6,35.0,16.0
2017-08-15,28.4,24.7,35.0,0.3
2017-08-16,28.3,24.0,35.0,6.1
2017-08-17,28.4,25.4,35.6,19.1
2017-08-18,28.9,22.2,34.0,61.0
2017-08-19,29.6,24.6,34.1,4.1
2017-08-20,29.2,25.0,34.3,0.5
2017-08-21,30.2,25.2,34.4,0.0
2017-08-22,29.5,25.7,34.6,15.0
2017-08-23,30.6,25.7,36.0,0.0
2017-08-24,28.8,25.0,35.9,6.1
2017-08-25,28.3,23.6,32.1,6.1
2017-08-26,30.0,26.0,35.0,0.3
2017-08-27,29.1,24.3,34.9,11.9
2017-08-28,29.9,25.2,32.9,5.1
2017-08-29,30.9,25.7,34.0,0.0
2017-08-30,30.3,25.0,36.0,
2017-08-31,29.8,23.0,36.1,
2017-09-01,28.9,25.0,34.8,
2017-09-02,29.1,25.7,34.0,
2017-09-03,30.1,25.0,35.0,
2017-09-04,31.2,25.2,36.0,
2017-09-05,30.6,27.4,36.0,
2017-09-06,29.8,23.8,35.6,0.0
2017-09-07,29.7,23.6,34.7,47.0
2017-09-08,29.9,25.9,33.0,0.0
2017-09-09,30.1,26.2,33.1,3.0
2017-09-10,30.1,25.7,33.2,0.0
2017-09-11,30.3,26.0,33.0,
2017-09-12,29.8,26.4,33.1,
2017-09-13,30.3,25.4,34.0,
2017-09-14,29.6,25.8,34.0,
2017-09-15,30.2,25.3,34.0,
2017-09-16,28.9,24.4,33.3,0.0
2017-09-17,28.1,23.5,31.9,15.0
2017-09-18,29.1,25.1,34.0,0.8
2017-09-19,30.7,23.8,35.0,10.9
2017-09-20,30.8,25.2,35.0,0.0
2017-09-21,30.9,25.7,35.2,
2017-09-22,30.2,26.1,35.3,0.0
2017-09-23,30.9,26.2,36.0,
2017-09-24,28.4,25.0,35.4,
2017-09-25,27.9,23.2,31.5,
2017-09-26,28.6,25.1,31.6,0.0
2017-09-27,28.8,25.2,31.8,0.0
2017-09-28,28.6,24.3,33.0,0.3
2017-09-29,30.3,25.2,34.0,0.8
2017-09-30,29.9,27.6,34.8,0.0
2017-10-01,28.2,23.2,34.0,24.9
2017-10-02,29.4,23.5,34.0,7.9
2017-10-03,29.4,25.0,35.0,0.0
2017-10-04,28.7,22.7,35.0,40.9
2017-10-05,28.6,24.4,34.1,4.1
2017-10-06,29.2,24.2,33.0,23.1
2017-10-07,30.3,25.2,34.0,5.1
2017-10-08,30.1,25.7,33.3,0.0
2017-10-09,30.4,27.4,35.0,
2017-10-10,30.7,24.5,35.0,
2017-10-11,30.6,25.6,35.0,2.0
2017-10-12,28.5,25.0,33.9,1.0
2017-10-13,28.0,25.5,30.3,0.0
2017-10-14,28.8,25.2,32.0,1.0
2017-10-15,29.3,25.1,31.4,0.0
2017-10-16,26.6,25.2,30.7,0.5
2017-10-17,27.1,23.9,28.0,7.9
2017-10-18,29.9,25.0,34.6,0.0
2017-10-19,30.7,24.7,36.0,0.0
2017-10-20,30.3,26.1,35.5,
2017-10-21,30.5,25.9,35.0,
2017-10-22,30.3,26.1,35.5,
2017-10-23,30.8,26.1,35.0,0.0
2017-10-24,30.0,25.5,35.5,
2017-10-25,29.0,26.4,34.0,
2017-10-26,27.1,24.0,33.4,
2017-10-27,27.5,23.8,32.0,
2017-10-28,28.2,23.6,32.3,3.0
2017-10-29,28.2,24.7,33.0,
2017-10-30,24.6,23.0,32.4,46.0
2017-10-31,25.3,21.6,28.2,168.9
2017-11-01,24.9,21.6,28.5,7.9
2017-11-02,25.8,22.2,30.0,23.9
2017-11-03,25.5,22.2,30.4,141.0
2017-11-04,25.2,21.5,28.9,62.0
2017-11-05,26.8,23.2,30.0,20.1
2017-11-06,25.7,23.3,29.9,25.9
2017-11-07,24.9,22.2,27.2,15.0
2017-11-08,27.0,22.7,,21.1
2017-11-09,27.7,23.1,31.2,0.0
2017-11-10,26.3,23.4,31.2,0.0
2017-11-11,27.1,24.1,29.0,5.1
2017-11-12,25.4,23.1,29.0,0.5
2017-11-13,24.3,21.5,27.4,25.9
2017-11-14,25.7,21.7,27.0,16.0
2017-11-15,29.4,23.0,34.0,2.0
2017-11-16,29.2,24.9,33.8,0.0
2017-11-17,28.8,24.8,33.2,
2017-11-18,28.6,23.5,32.0,
2017-11-19,29.1,24.6,33.0,
2017-11-20,28.8,24.1,32.6,2.0
2017-11-21,28.9,24.7,32.0,0.0
2017-11-22,28.7,24.9,33.0,1.0
2017-11-23,28.3,24.0,33.0,0.0
2017-11-24,28.1,23.8,32.4,
2017-11-25,27.8,24.6,31.0,
2017-11-26,26.1,23.4,30.5,5.1
2017-11-27,27.2,22.8,30.4,101.1
2017-11-28,27.3,23.0,30.4,1.0
2017-11-29,27.1,23.2,30.0,0.0
2017-11-30,26.8,23.4,30.0,58.9
2017-12-01,27.1,22.6,29.6,55.1
2017-12-02,27.2,23.9,,0.5
2017-12-03,26.5,24.4,29.6,0.0
2017-12-04,26.5,22.5,29.0,
2017-12-05,26.6,22.2,30.0,
2017-12-06,26.7,23.4,30.0,
2017-12-07,26.0,23.6,30.0,
2017-12-08,26.2,20.0,32.0,
2017-12-09,27.7,21.8,33.0,
2017-12-10,26.8,22.4,32.7,
2017-12-11,27.2,21.4,32.0,
2017-12-12,27.2,22.5,32.0,
2017-12-13,26.6,22.3,31.2,
2017-12-14,27.1,21.8,31.0,
2017-12-15,27.7,23.4,31.0,
2017-12-16,27.9,24.2,30.0,
2017-12-17,27.4,22.5,31.0,
2017-12-18,26.7,23.0,30.5,0.0
2017-12-19,26.5,20.8,29.0,
2017-12-20,26.2,21.2,30.0,
2017-12-21,25.8,21.7,29.0,
2017-12-22,26.5,22.4,29.0,0.0
2017-12-23,26.2,22.0,30.0,0.5
2017-12-24,25.9,21.3,30.2,0.0
2017-12-25,25.3,21.5,29.7,
2017-12-26,25.8,20.5,30.0,
2017-12-27,25.3,19.4,30.0,
2017-12-28,25.7,18.6,30.0,
2017-12-29,26.0,21.9,29.3,0.0
2017-12-30,26.1,21.2,30.0,0.0
2017-12-31,26.6,21.0,31.0,
2018-01-01,26.2,22.1,30.5,
2018-01-02,26.2,21.2,31.0,
2018-01-03,26.3,22.0,31.0,
2018-01-04,25.6,22.0,30.2,
2018-01-05,24.7,18.7,30.0,
2018-01-06,24.3,18.5,29.5,
2018-01-07,24.2,18.2,30.0,
2018-01-08,25.3,17.6,29.5,
2018-01-09,25.9,22.5,29.3,0.0
2018-01-10,24.8,22.9,28.1,0.0
2018-01-11,26.6,23.8,31.0,7.1
2018-01-12,26.4,21.7,32.0,0.0
2018-01-13,25.7,21.1,31.8,
2018-01-14,25.7,20.7,30.3,
2018-01-15,26.3,21.2,32.0,
2018-01-16,26.0,21.0,31.6,
2018-01-17,25.2,21.0,30.4,
2018-01-18,24.8,18.7,30.3,
2018-01-19,25.1,19.2,29.8,
2018-01-20,25.1,20.0,29.0,
2018-01-21,24.7,19.2,29.8,
2018-01-22,24.8,19.9,29.1,
2018-01-23,25.1,19.0,30.0,
2018-01-24,25.5,19.2,30.2,
2018-01-25,25.7,20.6,32.0,
2018-01-26,26.0,20.6,31.8,
2018-01-27,25.5,20.1,31.1,
2018-01-28,25.2,19.6,30.9,
2018-01-29,25.3,19.2,29.0,
2018-01-30,25.0,17.9,30.1,
2018-01-31,24.8,18.1,31.0,
2018-02-01,24.7,17.2,31.2,
2018-02-02,25.1,17.6,,
2018-02-03,25.2,17.7,32.5,
2018-02-04,25.7,20.3,30.5,
2018-02-05,25.9,19.9,30.5,
2018-02-06,26.5,20.7,31.0,
2018-02-07,27.7,22.7,31.9,
2018-02-08,27.5,24.4,33.0,1.0
2018-02-09,27.1,22.0,33.0,0.0
2018-02-10,27.4,22.7,31.5,
2018-02-11,27.1,22.0,31.6,
2018-02-12,26.8,24.0,31.6,
2018-02-13,26.8,21.2,31.6,
2018-02-14,27.9,23.4,32.0,
2018-02-15,27.7,25.0,32.4,
2018-02-16,27.1,21.8,32.3,
2018-02-17,26.9,21.5,32.0,
2018-02-18,26.4,21.2,31.8,
2018-02-19,26.1,20.5,31.5,
2018-02-20,26.3,20.4,31.1,
2018-02-21,26.1,20.6,31.5,
2018-02-22,26.2,19.6,31.4,
2018-02-23,26.6,20.1,32.0,
2018-02-24,27.0,22.1,32.5,
2018-02-25,27.1,21.0,33.0,
2018-02-26,27.4,21.2,34.0,
2018-02-27,27.7,21.4,34.0,
2018-02-28,27.4,21.1,33.8,
2018-03-01,28.1,21.6,34.0,
2018-03-02,28.1,23.0,35.0,
2018-03-03,27.9,20.3,36.0,
2018-03-04,27.1,19.0,36.2,
2018-03-05,26.8,20.0,34.1,
2018-03-06,27.6,19.7,33.2,
2018-03-07,27.1,22.0,33.1,
2018-03-08,27.8,18.6,33.3,
2018-03-09,27.9,22.3,33.4,
2018-03-10,28.0,23.0,33.4,
2018-03-11,28.4,22.6,33.8,
2018-03-12,29.2,23.5,33.1,
2018-03-13,29.6,26.0,33.4,
2018-03-14,29.6,24.8,33.2,
2018-03-15,29.8,24.4,34.0,
2018-03-16,29.8,25.8,34.0,
2018-03-17,27.5,23.8,34.0,0.5
2018-03-18,28.7,23.4,33.0,
2018-03-19,28.6,23.6,34.0,
2018-03-20,28.8,23.1,33.5,
2018-03-21,29.7,24.1,35.0,
2018-03-22,30.7,24.7,38.0,
2018-03-23,30.8,25.8,37.6,
2018-03-24,30.1,26.8,36.0,
2018-03-25,29.2,25.0,35.4,
2018-03-26,29.0,24.6,33.2,
2018-03-27,29.8,24.4,,
2018-03-28,30.7,26.4,36.0,
2018-03-29,30.9,26.3,36.1,
2018-03-30,30.9,26.8,36.7,
2018-03-31,31.0,26.4,36.0,
2018-04-01,30.7,27.2,36.3,
2018-04-02,30.6,26.2,34.1,
2018-04-03,30.6,26.7,34.0,
2018-04-04,30.2,25.8,34.4,
2018-04-05,30.4,26.2,34.5,
2018-04-06,30.6,25.1,35.0,
2018-04-07,30.6,26.4,34.2,
2018-04-08,30.7,26.2,34.9,
2018-04-09,30.6,25.8,35.0,
2018-04-10,30.8,26.1,34.4,
2018-04-11,30.8,27.5,34.8,0.0
2018-04-12,31.2,26.8,35.0,
2018-04-13,31.4,28.0,35.0,
2018-04-14,31.7,27.6,36.0,
2018-04-15,31.6,27.7,35.7,
2018-04-16,31.8,26.8,35.4,
2018-04-17,31.4,27.4,36.0,
2018-04-18,32.0,26.8,37.0,
2018-04-19,32.2,27.4,37.3,
2018-04-20,32.6,27.9,38.0,
2018-04-21,32.1,29.0,38.5,
2018-04-22,32.2,27.3,37.0,
2018-04-23,31.9,27.7,,
2018-04-24,31.9,27.1,37.5,
2018-04-25,32.1,27.1,37.8,
2018-04-26,32.1,27.4,37.6,
2018-04-27,31.9,27.8,36.0,
2018-04-28,31.8,27.1,36.7,
2018-04-29,32.3,27.2,37.1,
2018-04-30,32.9,28.3,39.0,
2018-05-01,32.7,29.0,39.1,
2018-05-02,31.9,26.8,39.2,
2018-05-03,32.3,29.0,38.2,
2018-05-04,31.8,26.3,37.6,
2018-05-05,32.2,27.6,36.3,
2018-05-06,32.3,28.0,37.0,
2018-05-07,32.7,28.0,37.0,
2018-05-08,33.2,29.3,39.0,
2018-05-09,32.8,28.7,38.2,
2018-05-10,32.3,28.4,38.2,
2018-05-11,32.9,28.2,37.4,
2018-05-12,32.7,28.3,38.1,
2018-05-13,32.6,28.4,38.3,
2018-05-14,32.4,28.0,38.6,
2018-05-15,31.7,28.2,37.1,
2018-05-16,32.2,27.1,37.5,
2018-05-17,32.5,28.2,37.0,
2018-05-18,32.4,27.8,39.0,
2018-05-19,32.8,28.2,38.0,
2018-05-20,32.6,28.4,38.6,
2018-05-21,32.7,28.6,37.1,
2018-05-22,32.5,28.2,38.0,
2018-05-23,32.1,28.6,36.1,
2018-05-24,32.1,28.2,36.4,
2018-05-25,31.9,27.9,35.6,
2018-05-26,32.0,27.8,35.8,
2018-05-27,32.4,28.1,36.0,
2018-05-28,32.9,28.6,,
2018-05-29,34.7,28.4,41.0,
2018-05-30,33.9,31.0,40.0,
2018-05-31,33.8,28.8,40.6,
2018-06-01,32.9,29.0,39.4,
2018-06-02,31.5,27.6,38.0,
2018-06-03,32.8,27.1,39.0,
2018-06-04,32.9,28.4,39.0,
2018-06-05,33.4,28.4,39.0,
2018-06-06,30.4,26.0,41.0,
2018-06-07,30.9,25.3,40.1,
2018-06-08,33.3,27.5,38.0,
2018-06-09,33.0,28.6,38.4,
2018-06-10,34.2,28.3,38.0,
2018-06-11,33.9,29.1,38.7,
2018-06-12,33.9,29.1,37.4,
2018-06-13,33.3,29.0,38.0,
2018-06-14,34.0,29.2,39.0,
2018-06-15,32.2,29.2,39.3,
2018-06-16,31.6,25.3,40.0,15.0
2018-06-17,33.6,26.6,39.0,0.0
2018-06-18,33.2,28.4,39.3,0.0
2018-06-19,32.9,28.4,39.0,
2018-06-20,32.7,28.1,38.5,
2018-06-21,33.1,28.2,39.4,
2018-06-22,32.8,29.0,39.8,
2018-06-23,32.8,28.4,38.0,
2018-06-24,32.0,29.4,37.2,0.0
2018-06-25,32.4,27.7,36.0,
2018-06-26,31.9,26.0,38.0,
2018-06-27,31.0,25.6,35.0,
2018-06-28,31.2,26.9,,
2018-06-29,31.7,26.6,36.0,
2018-06-30,30.4,26.5,36.1,
2018-07-01,30.9,26.8,35.0,
2018-07-02,30.8,26.2,37.0,0.0
2018-07-03,30.3,23.0,38.0,50.0
2018-07-04,31.7,27.6,35.1,0.0
2018-07-05,32.7,27.3,37.4,
2018-07-06,32.6,28.2,37.4,
2018-07-07,31.9,29.8,36.0,0.0
2018-07-08,31.9,28.6,34.6,
2018-07-09,31.6,26.4,36.0,
2018-07-10,31.1,25.6,35.6,
2018-07-11,29.9,25.0,35.4,
2018-07-12,30.1,23.4,35.1,
2018-07-13,29.9,25.0,36.0,
2018-07-14,31.7,23.6,36.0,
2018-07-15,31.8,27.6,35.6,0.0
2018-07-16,32.6,27.4,37.3,
2018-07-17,32.9,26.5,37.3,
2018-07-18,32.7,28.5,37.5,
2018-07-19,32.9,28.4,37.5,
2018-07-20,32.9,28.6,36.9,
2018-07-21,32.1,28.8,35.4,
2018-07-22,33.1,28.3,36.2,0.0
2018-07-23,33.1,28.6,37.2,0.0
2018-07-24,32.9,27.8,38.0,1.0
2018-07-25,32.2,27.0,38.0,2.0
2018-07-26,31.4,27.8,38.2,0.0
2018-07-27,31.6,26.0,38.2,4.1
2018-07-28,32.6,27.7,38.0,0.0
2018-07-29,32.9,28.2,38.2,
2018-07-30,32.7,28.4,38.7,0.0
2018-07-31,30.7,25.4,38.2,
2018-08-01,31.7,23.9,39.5,
2018-08-02,30.5,27.0,37.0,
2018-08-03,30.6,25.5,37.3,
2018-08-04,30.0,25.8,37.0,2.0
2018-08-05,30.8,23.3,37.6,7.9
2018-08-06,32.0,26.9,37.0,0.5
2018-08-07,30.8,25.8,36.6,0.5
2018-08-08,30.5,24.9,36.0,6.1
2018-08-09,30.6,24.0,38.0,11.9
2018-08-10,30.4,25.3,38.0,7.1
2018-08-11,27.7,24.4,33.0,6.1
2018-08-12,30.2,25.0,33.0,3.0
2018-08-13,29.7,25.4,35.0,0.0
2018-08-14,28.2,25.0,34.0,1.0
2018-08-15,27.8,24.1,35.0,70.1
2018-08-16,29.7,24.8,35.0,1.0
2018-08-17,31.4,24.2,36.0,5.1
2018-08-18,31.8,26.6,36.0,0.0
2018-08-19,31.8,27.3,35.3,
2018-08-20,31.8,27.6,35.6,
2018-08-21,32.2,26.9,37.0,
2018-08-22,31.8,27.3,38.0,0.0
2018-08-23,32.3,27.3,37.0,
2018-08-24,30.4,26.6,38.2,0.3
2018-08-25,30.1,25.4,35.4,0.3
2018-08-26,30.8,25.0,35.8,0.5
2018-08-27,29.5,26.0,35.7,0.0
2018-08-28,29.4,23.6,34.0,9.9
2018-08-29,29.8,24.9,34.1,0.0
2018-08-30,31.0,26.4,36.0,
2018-08-31,28.6,24.2,37.0,21.1
2018-09-01,29.6,24.6,33.1,0.3
2018-09-02,29.8,25.9,35.0,2.0
2018-09-03,30.9,25.2,35.0,1.0
2018-09-04,31.2,26.5,36.0,0.0
2018-09-05,31.0,26.3,36.5,0.0
2018-09-06,31.7,26.7,37.0,
2018-09-07,31.7,25.9,37.0,
2018-09-08,31.6,26.5,37.9,
2018-09-09,31.3,27.0,35.6,
2018-09-10,30.8,27.1,36.3,
2018-09-11,30.7,26.2,35.1,
2018-09-12,30.3,27.0,36.1,
2018-09-13,29.8,27.0,36.0,
2018-09-14,30.1,23.2,37.2,18.0
2018-09-15,30.3,25.3,36.0,0.0
2018-09-16,28.8,25.0,36.3,0.5
2018-09-17,26.8,23.6,30.5,0.0
2018-09-18,25.9,23.0,33.0,27.9
2018-09-19,26.8,21.0,33.3,23.9
2018-09-20,29.3,24.3,32.2,0.5
2018-09-21,30.0,25.8,34.1,0.0
2018-09-22,29.7,25.1,34.1,
2018-09-23,29.8,25.8,34.4,
2018-09-24,29.3,25.6,32.9,
2018-09-25,29.7,25.4,33.0,
2018-09-26,30.0,25.2,33.6,
2018-09-27,30.1,25.7,33.9,
2018-09-28,30.1,26.1,35.6,
2018-09-29,30.2,26.4,34.1,
2018-09-30,30.0,27.0,33.6,
2018-10-01,30.1,24.1,34.5,13.0
2018-10-02,29.8,25.3,33.2,1.0
2018-10-03,29.2,26.0,33.6,5.1
2018-10-04,26.3,24.2,33.1,11.9
2018-10-05,26.5,24.1,29.0,56.9
2018-10-06,28.3,24.6,31.0,16.0
2018-10-07,28.9,24.4,32.4,0.5
2018-10-08,28.4,25.3,33.0,0.5
2018-10-09,28.8,24.9,33.4,0.3
2018-10-10,29.9,24.9,35.0,0.0
2018-10-11,30.7,23.5,36.0,
2018-10-12,30.7,25.7,36.5,
2018-10-13,30.3,26.2,36.4,
2018-10-14,30.5,26.0,34.0,
2018-10-15,29.8,25.7,34.7,
2018-10-16,29.7,25.6,33.1,
2018-10-17,27.7,26.0,33.1,0.0
2018-10-18,27.7,22.4,32.1,69.1
2018-10-19,26.8,24.0,30.9,0.0
2018-10-20,28.4,22.1,32.0,59.9
2018-10-21,27.9,24.6,32.3,15.0
2018-10-22,27.9,25.0,32.0,0.0
2018-10-23,27.8,23.2,32.1,
2018-10-24,28.3,22.9,33.0,
2018-10-25,28.8,24.2,32.2,
2018-10-26,28.8,24.4,32.1,
2018-10-27,28.7,25.0,33.0,
2018-10-28,27.9,23.2,32.0,
2018-10-29,28.9,23.1,33.0,
2018-10-30,27.8,24.4,33.1,0.5
2018-10-31,26.7,24.3,30.2,6.1
2018-11-01,26.1,23.6,29.0,35.1
2018-11-02,28.2,23.9,32.0,8.9
2018-11-03,28.4,26.0,32.0,0.0
2018-11-04,28.8,24.3,32.0,7.1
2018-11-05,28.9,23.9,32.0,0.0
2018-11-06,28.1,24.5,32.2,0.5
2018-11-07,27.4,23.3,31.4,0.0
2018-11-08,27.7,22.9,32.0,
2018-11-09,27.8,23.9,31.1,
2018-11-10,27.8,23.0,32.0,
2018-11-11,28.1,23.0,32.0,
2018-11-12,27.3,24.0,32.1,
2018-11-13,27.2,21.4,32.0,
2018-11-14,28.6,21.5,33.0,
2018-11-15,28.4,24.2,33.0,7.1
2018-11-16,28.7,26.3,31.2,
2018-11-17,27.6,24.6,32.0,4.1
2018-11-18,28.8,24.2,32.0,
2018-11-19,29.2,24.5,32.0,0.3
2018-11-20,27.1,24.6,32.1,26.9
2018-11-21,25.1,22.6,30.1,46.0
2018-11-22,25.9,22.1,27.0,87.1
2018-11-23,27.4,23.7,30.0,17.0
2018-11-24,27.7,23.5,31.0,0.0
2018-11-25,26.8,24.0,31.0,
2018-11-26,26.1,21.5,31.0,
2018-11-27,26.4,21.6,31.0,
2018-11-28,27.2,21.6,31.0,
2018-11-29,27.4,25.0,31.1,
2018-11-30,27.0,22.6,31.0,0.0
2018-12-01,26.9,21.5,31.1,
2018-12-02,26.8,22.7,31.2,
2018-12-03,26.6,23.3,31.0,
2018-12-04,26.6,23.4,31.1,45.0
2018-12-05,26.2,24.8,29.2,23.1
2018-12-06,27.2,23.8,30.6,4.1
2018-12-07,27.0,23.4,31.1,0.0
2018-12-08,27.2,25.0,31.1,
2018-12-09,26.5,23.0,30.6,
2018-12-10,26.0,22.6,30.2,
2018-12-11,26.2,21.7,30.0,
2018-12-12,26.8,21.9,31.1,
2018-12-13,26.9,22.9,31.3,
2018-12-14,27.9,23.2,31.0,
2018-12-15,27.8,25.7,31.1,0.0
2018-12-16,24.9,23.2,29.9,
2018-12-17,26.3,23.0,31.0,
2018-12-18,25.2,21.3,31.0,
2018-12-19,25.1,20.7,29.2,
2018-12-20,26.7,21.0,30.0,
2018-12-21,27.2,23.5,30.1,
2018-12-22,27.6,24.5,30.0,
2018-12-23,26.3,23.4,30.2,22.1
2018-12-24,26.1,24.0,29.0,0.0
2018-12-25,25.9,23.0,30.0,
2018-12-26,25.9,21.4,30.4,
2018-12-27,26.5,21.0,30.2,
2018-12-28,26.6,22.5,30.4,
2018-12-29,25.4,21.9,29.5,0.5
2018-12-30,26.0,21.0,29.0,0.5
2018-12-31,24.5,22.0,28.4,0.0
2019-01-01,23.8,17.8,28.3,
2019-01-02,24.4,19.3,29.0,
2019-01-03,24.4,19.2,30.0,
2019-01-04,24.7,19.6,30.0,
2019-01-05,24.8,19.9,29.5,
2019-01-06,25.0,20.0,30.0,
2019-01-07,24.9,20.6,30.4,
2019-01-08,24.8,20.0,30.6,
2019-01-09,24.7,18.2,30.6,
2019-01-10,24.9,19.6,30.1,
2019-01-11,25.2,20.6,29.0,
2019-01-12,25.1,19.4,29.8,
2019-01-13,24.9,20.3,29.8,
2019-01-14,24.9,20.5,30.0,
2019-01-15,24.7,19.4,29.5,
2019-01-16,25.1,20.3,30.0,
2019-01-17,25.2,20.2,29.0,
2019-01-18,25.1,19.8,29.0,
2019-01-19,24.6,21.0,30.8,
2019-01-20,24.6,19.3,29.3,
2019-01-21,24.4,20.1,29.1,
2019-01-22,25.1,19.6,29.0,
2019-01-23,25.7,20.6,30.0,
2019-01-24,26.3,20.5,31.0,
2019-01-25,27.5,21.8,31.0,
2019-01-26,27.7,23.7,31.0,
2019-01-27,27.2,22.3,30.4,
2019-01-28,26.4,22.9,30.0,
2019-01-29,26.0,21.7,30.0,0.0
2019-01-30,25.9,21.7,29.0,0.0
2019-01-31,25.8,21.1,30.0,
2019-02-01,25.8,20.2,30.0,
2019-02-02,26.3,21.2,31.0,
2019-02-03,27.3,21.9,31.0,
2019-02-04,26.7,24.0,31.1,
2019-02-05,26.9,21.9,31.0,0.0
2019-02-06,26.8,22.1,32.0,
2019-02-07,27.4,21.7,31.1,
2019-02-08,28.1,22.2,32.0,
2019-02-09,28.6,24.4,32.0,
2019-02-10,28.3,24.6,32.2,
2019-02-11,27.9,25.6,31.6,
2019-02-12,27.5,22.9,31.0,
2019-02-13,27.1,22.9,31.0,
2019-02-14,27.5,23.1,32.0,
2019-02-15,28.3,22.8,32.2,
2019-02-16,28.6,23.4,33.0,
2019-02-17,29.1,23.6,34.0,
2019-02-18,29.5,24.4,34.2,
2019-02-19,29.2,25.0,33.6,
2019-02-20,28.6,24.6,32.5,
2019-02-21,27.9,23.6,32.2,
2019-02-22,27.4,23.0,34.0,
2019-02-23,27.8,20.0,35.0,
2019-02-24,27.9,21.3,35.0,
2019-02-25,27.9,21.5,33.5,
2019-02-26,28.4,22.1,34.0,
2019-02-27,29.4,24.4,34.0,
2019-02-28,29.5,25.8,34.3,3.0
2019-03-01,29.4,25.4,33.1,0.0
2019-03-02,29.1,24.0,33.0,
2019-03-03,28.9,24.4,33.1,
2019-03-04,29.0,23.6,34.0,
2019-03-05,30.3,24.5,37.0,
2019-03-06,30.9,25.7,36.8,
2019-03-07,31.1,26.2,37.0,
2019-03-08,30.7,26.9,36.9,
2019-03-09,30.1,28.0,34.1,
2019-03-10,30.1,25.3,34.0,
2019-03-11,29.6,25.0,34.0,
2019-03-12,29.7,23.7,35.0,
2019-03-13,29.0,23.4,35.8,
2019-03-14,29.7,23.3,35.0,
2019-03-15,29.6,22.9,35.5,
2019-03-16,28.8,23.8,35.1,
2019-03-17,29.1,24.3,33.7,
2019-03-18,29.3,24.0,33.2,
2019-03-19,29.4,23.6,34.0,
2019-03-20,29.7,24.3,34.0,
2019-03-21,29.7,24.0,34.6,
2019-03-22,30.2,24.5,35.0,
2019-03-23,30.4,25.2,36.0,
2019-03-24,30.2,25.5,36.0,
2019-03-25,30.0,24.1,35.9,
2019-03-26,30.2,25.0,36.0,
2019-03-27,29.7,23.5,36.1,
2019-03-28,30.5,23.6,38.0,
2019-03-29,30.7,24.4,38.5,
2019-03-30,31.0,24.7,37.0,
2019-03-31,31.8,25.8,38.0,
2019-04-01,31.2,25.4,39.2,
2019-04-02,30.8,26.0,38.1,
2019-04-03,30.8,25.3,36.1,
2019-04-04,30.9,25.2,36.0,
2019-04-05,30.9,25.4,36.3,
2019-04-06,31.3,25.7,38.0,
2019-04-07,31.3,25.2,37.2,
2019-04-08,31.6,26.6,37.0,
2019-04-09,31.8,27.4,37.0,
2019-04-10,31.5,26.7,35.6,
2019-04-11,31.8,26.2,38.0,
2019-04-12,31.8,26.8,37.2,
2019-04-13,31.7,26.5,37.1,
2019-04-14,31.3,25.8,37.4,
2019-04-15,31.3,25.4,37.0,
2019-04-16,31.3,25.3,37.1,
2019-04-17,32.7,26.7,38.0,
2019-04-18,31.8,27.5,38.2,
2019-04-19,32.4,27.3,36.0,
2019-04-20,32.6,28.2,36.7,
2019-04-21,32.9,28.6,38.0,
2019-04-22,31.4,27.8,37.4,
2019-04-23,31.7,26.3,36.2,0.0
2019-04-24,31.9,27.0,36.1,
2019-04-25,31.6,28.0,36.1,
2019-04-26,32.2,26.4,37.0,
2019-04-27,32.3,27.0,37.6,
2019-04-28,32.2,27.0,37.0,
2019-04-29,32.3,28.2,36.8,
2019-04-30,33.1,28.2,40.0,
2019-05-01,32.7,30.0,37.0,
2019-05-02,34.7,28.2,42.0,
2019-05-03,34.7,28.5,42.0,
2019-05-04,34.0,28.1,42.2,
2019-05-05,33.8,28.3,38.0,
2019-05-06,33.9,28.4,41.0,
2019-05-07,34.0,28.2,41.0,
2019-05-08,33.6,30.6,42.0,
2019-05-09,34.3,26.9,42.0,
2019-05-10,33.7,28.2,41.6,
2019-05-11,33.3,28.1,40.4,
2019-05-12,32.5,28.0,39.2,
2019-05-13,32.8,27.6,39.0,
2019-05-14,32.8,28.0,39.2,
2019-05-15,33.0,28.6,39.0,
2019-05-16,33.2,28.7,39.0,
2019-05-17,32.8,28.4,38.2,
2019-05-18,32.7,28.0,38.1,
2019-05-19,32.9,27.7,39.0,
2019-05-20,33.1,27.6,38.4,
2019-05-21,33.1,27.6,39.0,
2019-05-22,33.1,27.8,39.0,
2019-05-23,33.0,28.0,38.8,
2019-05-24,32.9,28.5,38.6,
2019-05-25,33.6,27.8,40.0,
2019-05-26,33.9,28.4,41.0,
2019-05-27,33.5,28.3,40.3,
2019-05-28,34.2,28.6,41.0,
2019-05-29,33.8,29.1,40.1,
2019-05-30,32.8,28.6,39.6,
2019-05-31,34.0,28.2,40.0,
2019-06-01,34.2,29.0,41.0,
2019-06-02,34.4,28.6,41.0,
2019-06-03,33.2,28.2,41.1,
2019-06-04,33.9,29.0,40.8,
2019-06-05,33.6,28.8,39.8,
2019-06-06,32.8,28.2,39.2,
2019-06-07,33.3,28.2,38.7,
2019-06-08,34.0,27.2,41.0,
2019-06-09,35.1,28.1,43.0,
2019-06-10,35.2,28.8,43.0,
2019-06-11,34.8,29.6,41.5,
2019-06-12,35.2,29.4,41.0,
2019-06-13,33.1,30.0,41.6,
2019-06-14,35.3,27.5,41.0,0.0
2019-06-15,35.1,27.4,42.0,
2019-06-16,34.9,29.5,42.1,
2019-06-17,34.7,29.6,42.0,
2019-06-18,35.2,29.4,42.0,
2019-06-19,34.2,30.4,42.0,
2019-06-20,32.8,27.0,41.1,
2019-06-21,32.7,26.6,41.0,
2019-06-22,32.0,26.6,40.0,
2019-06-23,31.5,25.1,40.0,
2019-06-24,31.7,25.6,37.0,11.9
2019-06-25,31.8,24.1,36.5,5.1
2019-06-26,30.2,25.0,37.0,0.0
2019-06-27,31.8,22.5,38.0,20.1
2019-06-28,33.6,27.6,40.0,0.0
2019-06-29,34.0,28.6,40.1,
2019-06-30,34.4,29.4,40.2,
2019-07-01,33.7,29.3,37.2,
2019-07-02,33.3,29.2,38.1,
2019-07-03,33.3,27.8,38.0,
2019-07-04,34.2,27.5,40.0,
2019-07-05,33.5,28.0,40.2,0.0
2019-07-06,32.9,29.0,40.2,
2019-07-07,34.1,29.0,39.2,
2019-07-08,34.0,28.8,40.2,
2019-07-09,32.4,26.6,39.6,
2019-07-10,31.3,25.0,39.6,9.9
2019-07-11,32.3,27.3,37.6,0.0
2019-07-12,31.9,26.8,37.0,
2019-07-13,31.2,25.3,37.6,17.0
2019-07-14,30.5,26.2,36.0,0.0
2019-07-15,30.5,26.4,38.2,
2019-07-16,32.0,23.0,38.8,23.9
2019-07-17,31.1,25.6,37.1,0.8
2019-07-18,32.3,27.6,37.0,0.0
2019-07-19,30.2,26.3,37.1,
2019-07-20,31.3,25.4,37.0,
2019-07-21,31.2,28.0,36.0,
2019-07-22,28.1,25.1,35.4,3.0
2019-07-23,29.1,25.1,34.0,5.1
2019-07-24,30.6,24.4,36.0,24.9
2019-07-25,29.0,24.0,36.1,78.0
2019-07-26,29.7,23.2,33.1,29.0
2019-07-27,31.0,26.6,35.0,0.0
2019-07-28,30.6,24.4,34.7,
2019-07-29,30.4,23.6,35.0,0.5
2019-07-30,31.2,25.4,34.0,0.5
2019-07-31,32.6,26.1,37.0,0.0
2019-08-01,31.7,26.5,36.4,
2019-08-02,31.3,26.2,34.6,0.0
2019-08-03,32.2,26.4,36.0,
2019-08-04,32.2,27.6,37.0,
2019-08-05,30.6,25.0,36.2,
2019-08-06,31.6,23.8,35.0,
2019-08-07,31.9,27.0,35.0,0.0
2019-08-08,32.8,27.6,37.0,
2019-08-09,33.1,26.6,37.0,
2019-08-10,32.3,27.3,37.0,
2019-08-11,33.2,27.2,39.0,
2019-08-12,33.1,28.8,38.5,
2019-08-13,31.9,27.4,38.0,
2019-08-14,30.9,25.8,37.0,
2019-08-15,31.6,24.8,37.2,
2019-08-16,31.2,26.0,37.0,
2019-08-17,28.2,23.8,35.8,29.0
2019-08-18,28.2,24.0,31.0,27.9
2019-08-19,31.2,25.0,36.0,26.9
2019-08-20,30.8,25.0,35.0,29.0
2019-08-21,30.9,25.4,35.0,8.9
2019-08-22,29.8,25.6,33.7,0.0
2019-08-23,30.7,25.6,36.0,0.0
2019-08-24,30.4,24.3,35.3,0.5
2019-08-25,31.4,24.5,35.0,8.9
2019-08-26,31.9,26.8,35.0,0.0
2019-08-27,32.0,27.0,36.0,
2019-08-28,30.6,25.0,36.0,
2019-08-29,31.8,23.0,37.0,
2019-08-30,30.6,25.6,37.0,
2019-08-31,30.6,24.0,35.6,
2019-09-01,30.5,25.0,33.0,4.1
2019-09-02,30.1,24.6,34.0,0.0
2019-09-03,29.5,23.8,34.0,17.0
2019-09-04,30.2,24.4,35.0,3.0
2019-09-05,31.2,24.4,34.4,9.9
2019-09-06,31.1,27.5,35.0,0.0
2019-09-07,31.7,26.6,37.0,
2019-09-08,32.0,27.6,36.0,
2019-09-09,31.4,27.2,36.4,
2019-09-10,30.9,28.0,36.0,
2019-09-11,28.9,26.0,36.3,0.0
2019-09-12,28.2,22.6,34.0,13.0
2019-09-13,29.0,24.4,34.6,5.1
2019-09-14,29.6,24.4,34.4,0.0
2019-09-15,29.7,25.6,35.2,
2019-09-16,30.4,25.4,35.2,
2019-09-17,29.0,25.2,35.0,0.5
2019-09-18,28.3,26.0,32.8,0.0
2019-09-19,27.3,22.2,31.2,95.0
2019-09-20,28.6,25.2,32.0,3.0
2019-09-21,28.3,25.2,33.0,0.0
2019-09-22,27.5,25.0,32.8,0.0
2019-09-23,30.0,25.0,33.4,54.1
2019-09-24,29.0,26.0,33.5,5.1
2019-09-25,27.7,25.0,33.1,10.9
2019-09-26,28.8,23.2,32.6,23.9
2019-09-27,29.3,25.2,32.4,0.0
2019-09-28,29.7,25.2,33.0,
2019-09-29,29.7,26.4,33.0,
2019-09-30,29.1,25.8,34.0,
2019-10-01,29.7,24.9,34.0,
2019-10-02,29.8,25.7,34.6,
2019-10-03,30.0,25.6,34.1,
2019-10-04,29.9,26.0,34.1,
2019-10-05,29.8,25.4,34.2,
2019-10-06,29.9,26.2,33.8,
2019-10-07,30.3,25.6,35.0,0.0
2019-10-08,30.0,26.1,34.2,
2019-10-09,29.9,25.6,34.0,0.0
2019-10-10,29.1,26.6,36.0,
2019-10-11,29.9,25.6,33.4,
2019-10-12,30.4,26.4,34.2,0.0
2019-10-13,30.2,26.6,34.2,
2019-10-14,29.8,27.0,34.0,0.0
2019-10-15,29.1,26.0,33.9,7.9
2019-10-16,27.2,23.8,33.4,6.1
2019-10-17,25.8,24.0,30.4,53.1
2019-10-18,27.7,24.0,31.4,11.9
2019-10-19,27.3,24.6,31.5,2.0
2019-10-20,26.8,25.0,30.6,3.0
2019-10-21,25.9,23.4,29.9,65.0
2019-10-22,25.4,23.0,27.3,18.0
2019-10-23,28.2,23.6,32.0,1.0
2019-10-24,27.8,23.6,32.2,1.0
2019-10-25,27.8,25.6,30.4,0.0
2019-10-26,27.7,23.4,31.2,25.9
2019-10-27,28.7,24.8,32.4,0.0
2019-10-28,27.8,23.6,32.6,37.1
2019-10-29,27.9,23.6,32.0,7.9
2019-10-30,25.7,23.5,32.8,55.9
2019-10-31,27.3,23.6,30.0,17.0
2019-11-01,28.6,23.5,32.0,0.3
2019-11-02,28.8,24.5,32.6,0.0
2019-11-03,28.6,25.2,32.6,
2019-11-04,28.6,25.0,33.0,
2019-11-05,28.9,22.6,33.1,
2019-11-06,28.9,22.8,34.0,
2019-11-07,29.3,24.7,34.0,
2019-11-08,30.3,24.5,35.0,
2019-11-09,29.1,25.4,34.7,
2019-11-10,28.8,24.2,33.2,
2019-11-11,28.6,23.8,33.2,
2019-11-12,29.1,24.8,34.0,
2019-11-13,28.5,24.6,32.3,
2019-11-14,28.1,24.8,32.0,
2019-11-15,27.1,24.4,31.8,7.1
2019-11-16,27.9,24.8,31.0,0.0
2019-11-17,27.4,24.8,31.6,
2019-11-18,28.3,25.2,32.0,4.1
2019-11-19,27.2,24.8,32.0,3.0
2019-11-20,27.7,24.6,32.0,21.1
2019-11-21,27.6,23.5,31.6,42.9
2019-11-22,27.1,25.0,31.0,7.1
2019-11-23,25.7,23.2,30.3,23.1
2019-11-24,27.1,22.6,30.8,6.1
2019-11-25,26.9,25.0,30.8,1.0
2019-11-26,27.6,22.7,31.0,0.0
2019-11-27,28.5,26.6,32.0,0.0
2019-11-28,27.7,23.7,31.1,45.0
2019-11-29,27.9,24.4,30.0,18.0
2019-11-30,26.3,23.6,30.3,23.9
2019-12-01,25.3,23.4,29.8,70.1
2019-12-02,26.6,23.2,29.0,58.9
2019-12-03,27.8,25.2,30.2,7.9
2019-12-04,27.4,25.8,30.6,2.0
2019-12-05,27.3,22.8,30.3,0.0
2019-12-06,26.8,25.0,31.0,
2019-12-07,25.4,23.6,29.4,4.1
2019-12-08,26.7,23.1,30.0,3.0
2019-12-09,27.3,23.5,31.0,0.0
2019-12-10,26.4,23.0,31.0,0.0
2019-12-11,26.9,22.1,30.8,
2019-12-12,27.4,23.0,31.0,
2019-12-13,26.3,23.4,29.6,
2019-12-14,25.3,22.9,28.6,
2019-12-15,26.1,22.5,30.6,
2019-12-16,26.6,23.5,30.6,
2019-12-17,26.8,23.4,30.0,0.0
2019-12-18,27.4,23.9,30.4,
2019-12-19,27.1,25.0,30.0,0.0
2019-12-20,26.9,23.0,30.0,
2019-12-21,26.5,22.4,30.0,
2019-12-22,25.8,22.6,30.0,
2019-12-23,26.1,21.2,30.6,
2019-12-24,25.3,24.1,30.3,0.0
2019-12-25,26.2,22.8,29.0,1.0
2019-12-26,25.2,21.1,30.0,0.0
2019-12-27,26.1,21.1,30.0,
2019-12-28,26.2,21.8,31.0,0.0
2019-12-29,26.0,22.0,30.0,
2019-12-30,25.9,21.8,30.4,11.9
2019-12-31,27.1,23.2,30.0,6.1
2020-01-01,25.7,22.5,30.3,27.9
2020-01-02,27.6,23.4,31.0,33.0
2020-01-03,27.9,24.0,31.2,0.0
2020-01-04,28.0,24.5,31.2,
2020-01-05,27.7,25.2,31.6,0.0
2020-01-06,27.1,23.6,31.0,0.8
2020-01-07,27.4,25.4,30.1,2.0
2020-01-08,25.8,22.6,30.2,0.0
2020-01-09,25.4,20.3,30.0,
2020-01-10,25.5,19.9,30.0,
2020-01-11,25.7,20.6,30.2,
2020-01-12,25.7,22.8,30.0,
2020-01-13,24.7,22.0,29.0,
2020-01-14,24.7,18.2,29.7,
2020-01-15,25.7,20.0,30.0,
2020-01-16,25.8,20.2,31.0,
2020-01-17,26.7,20.8,30.1,
2020-01-18,27.1,24.6,30.0,
2020-01-19,27.2,25.0,31.0,
2020-01-20,26.6,21.6,31.0,
2020-01-21,26.0,21.6,31.5,
2020-01-22,26.4,22.0,30.4,
2020-01-23,26.3,23.0,31.0,
2020-01-24,25.4,20.4,31.1,
2020-01-25,24.9,19.5,31.0,
2020-01-26,25.9,19.8,31.0,
2020-01-27,26.6,21.0,31.6,
2020-01-28,27.5,21.1,32.4,
2020-01-29,27.1,21.6,32.7,
2020-01-30,27.0,21.8,32.0,
2020-01-31,27.2,22.0,32.4,
2020-02-01,27.4,22.9,31.7,
2020-02-02,26.9,22.0,31.8,
2020-02-03,26.8,21.6,31.0,
2020-02-04,26.7,22.5,31.0,
2020-02-05,27.2,21.2,31.2,
2020-02-06,26.9,20.8,31.6,
2020-02-07,27.4,21.8,32.1,
2020-02-08,27.8,22.0,32.0,
2020-02-09,27.5,23.2,32.2,
2020-02-10,27.6,23.0,31.5,
2020-02-11,27.8,22.6,33.0,
2020-02-12,27.2,24.0,31.6,
2020-02-13,26.9,22.8,32.0,
2020-02-14,26.8,23.0,33.0,
2020-02-15,26.5,20.9,34.0,
2020-02-16,26.3,19.6,34.4,
2020-02-17,26.4,20.6,32.0,
2020-02-18,26.1,20.4,32.0,
2020-02-19,26.8,20.6,31.9,
2020-02-20,26.8,23.0,32.0,
2020-02-21,27.3,20.5,31.5,
2020-02-22,27.8,25.2,31.6,
2020-02-23,28.1,25.0,32.0,
2020-02-24,27.7,22.6,31.4,
2020-02-25,28.3,23.4,32.4,
2020-02-26,28.3,24.0,33.0,
2020-02-27,28.2,23.6,33.2,
2020-02-28,28.1,24.8,32.6,
2020-02-29,28.3,23.4,32.6,
2020-03-01,28.2,25.4,32.4,
2020-03-02,27.9,23.0,32.4,
2020-03-03,28.6,23.4,33.2,
2020-03-04,28.6,22.6,35.0,
2020-03-05,28.7,23.4,34.7,
2020-03-06,28.8,24.8,33.8,
2020-03-07,28.8,25.5,32.5,
2020-03-08,28.7,26.0,32.6,
2020-03-09,28.2,22.4,33.4,
2020-03-10,28.3,23.6,33.4,
2020-03-11,28.3,23.4,33.6,
2020-03-12,28.6,23.6,33.3,
2020-03-13,28.1,23.6,33.5,
2020-03-14,27.4,24.0,33.2,
2020-03-15,28.8,24.5,33.2,
2020-03-16,29.3,25.0,33.6,
2020-03-17,29.3,24.4,34.3,
2020-03-18,29.2,25.0,34.5,
2020-03-19,29.7,24.6,34.6,
2020-03-20,29.2,24.5,35.2,
2020-03-21,29.4,25.1,34.5,
2020-03-22,29.3,26.3,34.4,
2020-03-23,28.8,24.8,34.5,
2020-03-24,28.8,24.0,33.6,
2020-03-25,28.7,24.4,33.5,
2020-03-26,29.1,24.8,33.6,
2020-03-27,29.0,24.1,34.4,
2020-03-28,28.5,23.6,34.3,
2020-03-29,28.8,24.4,34.4,
2020-03-30,28.7,22.8,34.6,
2020-03-31,29.3,24.4,35.0,
2020-04-01,30.1,24.1,36.0,
2020-04-02,30.3,24.9,36.2,
2020-04-03,29.9,25.5,36.6,
2020-04-04,30.0,24.4,34.9,
2020-04-05,30.7,26.4,34.7,
2020-04-06,30.9,27.5,35.4,
2020-04-07,30.7,26.9,35.4,
2020-04-08,30.8,27.5,35.8,
2020-04-09,27.9,24.0,35.6,
2020-04-10,29.8,23.2,35.2,
2020-04-11,29.8,25.8,34.6,
2020-04-12,29.6,25.5,34.6,
2020-04-13,29.6,24.7,34.6,
2020-04-14,29.6,24.6,34.7,
2020-04-15,30.2,25.2,34.6,
2020-04-16,30.3,24.8,35.1,
2020-04-17,31.2,26.4,35.2,
2020-04-18,31.2,27.1,36.6,
2020-04-19,30.9,27.2,36.6,
2020-04-20,30.7,27.6,35.6,
2020-04-21,31.2,26.4,35.6,
2020-04-22,31.2,26.8,36.0,
2020-04-23,31.5,27.2,36.2,
2020-04-24,31.9,28.0,36.7,
2020-04-25,32.3,28.7,37.5,
2020-04-26,28.1,22.6,38.0,8.9
2020-04-27,31.2,26.6,36.0,3.0
2020-04-28,31.4,27.6,36.0,0.0
2020-04-29,30.9,27.7,35.4,
2020-04-30,31.5,26.8,35.4,
2020-05-01,32.3,28.0,38.0,
2020-05-02,31.9,28.6,38.0,
2020-05-03,31.8,27.3,36.8,
2020-05-04,31.8,27.4,37.4,
2020-05-05,32.0,27.6,37.2,
2020-05-06,31.8,27.4,37.2,
2020-05-07,32.3,27.3,37.8,
2020-05-08,32.4,28.5,38.0,
2020-05-09,32.3,28.4,38.2,
2020-05-10,31.9,28.4,37.2,
2020-05-11,31.9,27.6,37.0,
2020-05-12,30.8,28.4,36.4,0.0
2020-05-13,31.5,26.6,36.2,
2020-05-14,31.9,28.0,37.4,
2020-05-15,32.3,28.0,37.0,
2020-05-16,32.3,28.7,37.4,
2020-05-17,32.2,28.6,37.6,
2020-05-18,32.3,27.4,38.0,
2020-05-19,34.8,25.7,41.0,5.1
2020-05-20,35.1,31.0,42.0,0.0
2020-05-21,34.1,29.9,42.0,
2020-05-22,33.9,29.0,42.5,
2020-05-23,32.6,29.4,41.2,
2020-05-24,32.4,29.6,38.8,
2020-05-25,32.8,29.4,39.0,
2020-05-26,33.1,29.4,37.0,
2020-05-27,32.7,29.2,37.5,
2020-05-28,33.3,29.8,39.0,
2020-05-29,33.5,28.6,41.0,
2020-05-30,32.8,29.6,40.0,
2020-05-31,32.3,29.0,38.7,
2020-06-01,32.4,29.0,37.6,
2020-06-02,32.7,29.0,38.0,
2020-06-03,32.6,29.0,38.0,
2020-06-04,33.2,28.6,39.0,
2020-06-05,32.7,30.0,40.2,
2020-06-06,32.4,27.6,40.0,
2020-06-07,32.9,27.1,39.4,
2020-06-08,33.5,29.0,39.0,
2020-06-09,32.9,28.8,39.7,
2020-06-10,31.8,30.0,37.6,0.0
2020-06-11,29.2,25.4,34.4,2.0
2020-06-12,32.1,25.3,36.0,0.5
2020-06-13,33.3,27.5,38.0,0.0
2020-06-14,33.8,28.6,39.0,
2020-06-15,34.1,29.6,40.1,
2020-06-16,33.0,29.2,40.4,
2020-06-17,33.6,28.8,40.6,0.0
2020-06-18,33.6,29.4,40.2,
2020-06-19,33.6,29.7,40.2,
2020-06-20,32.9,29.4,40.7,
2020-06-21,31.6,26.8,38.6,0.0
2020-06-22,31.1,26.1,38.4,2.0
2020-06-23,30.6,26.4,38.8,0.5
2020-06-24,31.1,26.1,38.4,0.3
2020-06-25,30.3,27.3,37.1,0.0
2020-06-26,31.2,26.6,35.4,0.0
2020-06-27,31.2,28.0,35.0,
2020-06-28,30.1,26.0,36.0,
2020-06-29,31.2,25.9,35.6,
2020-06-30,30.7,26.1,36.2,2.0
2020-07-01,30.8,26.8,37.4,0.0
2020-07-02,30.0,26.6,34.2,7.1
2020-07-03,29.7,25.2,36.2,2.0
2020-07-04,29.3,24.0,36.7,8.9
2020-07-05,30.4,26.4,33.6,0.0
2020-07-06,30.9,27.8,34.0,0.0
2020-07-07,31.6,27.0,37.4,
2020-07-08,30.4,26.3,38.2,0.0
2020-07-09,30.3,26.6,37.4,
2020-07-10,28.8,23.0,36.2,115.1
2020-07-11,29.4,23.2,35.0,19.1
2020-07-12,29.8,25.6,36.4,0.0
2020-07-13,29.2,22.6,37.1,74.9
2020-07-14,29.5,26.0,34.0,0.0
2020-07-15,29.1,26.0,33.0,
2020-07-16,28.7,25.2,32.5,2.0
2020-07-17,30.1,25.2,33.0,0.3
2020-07-18,29.9,26.6,33.3,0.0
2020-07-19,28.3,26.6,33.0,24.9
2020-07-20,30.1,24.9,33.4,17.0
2020-07-21,30.5,27.2,34.0,0.0
2020-07-22,30.4,26.8,34.0,
2020-07-23,30.4,26.9,34.6,
2020-07-24,30.1,26.8,34.9,
2020-07-25,29.3,26.4,35.0,
2020-07-26,29.7,25.0,35.3,
2020-07-27,31.4,26.2,35.2,0.5
2020-07-28,29.1,23.4,36.0,0.0
2020-07-29,26.6,23.3,36.0,24.9
2020-07-30,30.3,25.8,34.6,6.1
2020-07-31,30.4,27.4,35.4,0.0
2020-08-01,29.3,25.2,35.8,
2020-08-02,28.9,24.8,34.2,
2020-08-03,28.9,24.0,34.7,16.0
2020-08-04,29.8,26.8,33.0,0.3
2020-08-05,30.2,25.4,34.0,0.0
2020-08-06,30.7,26.6,34.2,
2020-08-07,31.3,26.6,35.0,
2020-08-08,30.1,23.8,35.6,
2020-08-09,28.4,23.8,34.9,62.0
2020-08-10,29.8,25.5,33.5,0.0
2020-08-11,29.9,26.4,34.0,
2020-08-12,29.9,26.4,32.0,17.0
2020-08-13,29.8,27.0,33.0,0.0
2020-08-14,29.6,24.9,33.2,2.0
2020-08-15,29.6,25.6,32.1,0.0
2020-08-16,29.9,25.6,33.0,
2020-08-17,30.5,26.0,34.0,0.0
2020-08-18,30.3,27.2,34.8,0.0
2020-08-19,30.2,27.2,34.0,
2020-08-20,30.3,27.9,34.3,
2020-08-21,30.9,26.5,35.0,
2020-08-22,30.0,27.0,35.2,
2020-08-23,29.6,27.4,34.6,0.0
2020-08-24,28.9,25.8,33.0,
2020-08-25,29.2,27.0,34.0,
2020-08-26,29.5,25.6,34.6,
2020-08-27,29.3,25.0,36.0,
2020-08-28,30.1,25.2,35.7,0.0
2020-08-29,30.4,27.4,35.0,
2020-08-30,30.4,27.2,36.3,
2020-08-31,30.4,26.0,35.5,1.0
2020-09-01,29.1,25.0,34.8,4.1
2020-09-02,29.3,25.5,33.9,0.0
2020-09-03,29.7,26.2,33.4,1.0
2020-09-04,29.4,26.2,34.6,1.0
2020-09-05,29.3,27.0,33.3,0.0
2020-09-06,29.4,26.0,33.8,
2020-09-07,28.6,27.0,34.0,
2020-09-08,29.9,25.0,34.5,0.0
2020-09-09,27.9,25.6,34.6,
2020-09-10,28.6,25.5,34.0,0.0
2020-09-11,30.2,26.7,33.0,
2020-09-12,27.9,25.6,33.6,0.3
2020-09-13,26.1,24.6,32.5,0.5
2020-09-14,27.5,23.2,31.8,24.9
2020-09-15,28.3,25.0,31.8,2.0
2020-09-16,28.9,26.0,32.0,0.5
2020-09-17,29.1,24.5,33.0,20.1
2020-09-18,28.0,26.0,32.6,0.0
2020-09-19,27.2,23.1,33.2,75.9
2020-09-20,27.2,25.0,30.6,0.0
2020-09-21,29.0,24.7,32.0,0.0
2020-09-22,30.2,24.7,34.0,
2020-09-23,30.2,25.2,35.0,
2020-09-24,30.4,25.8,35.2,
2020-09-25,29.1,26.4,35.8,
2020-09-26,28.9,25.4,34.2,
2020-09-27,29.2,26.7,33.0,
2020-09-28,28.3,24.8,34.4,
2020-09-29,27.4,23.8,35.1,
2020-09-30,27.9,23.2,34.8,
2020-10-01,28.9,25.3,32.4,
2020-10-02,30.5,25.6,35.0,
2020-10-03,30.6,26.3,35.6,
2020-10-04,30.3,27.2,34.4,
2020-10-05,31.0,26.8,35.6,
2020-10-06,31.2,26.0,36.6,
2020-10-07,29.9,26.8,37.2,
2020-10-08,30.3,27.3,36.8,
2020-10-09,28.4,25.0,34.8,
2020-10-10,27.2,24.8,34.5,
2020-10-11,28.4,24.6,32.2,0.0
2020-10-12,28.2,24.5,33.0,
2020-10-13,30.1,25.0,33.5,
2020-10-14,30.3,25.2,34.0,
2020-10-15,30.2,24.8,35.2,
2020-10-16,30.4,27.0,35.5,
2020-10-17,28.4,25.6,35.3,5.1
2020-10-18,26.2,25.6,32.3,1.0
2020-10-19,28.9,25.3,33.0,8.9
2020-10-20,26.9,25.6,33.6,0.3
2020-10-21,27.9,25.3,30.6,6.1
2020-10-22,27.4,24.8,34.6,3.0
2020-10-23,28.3,23.6,34.0,51.1
2020-10-24,28.3,24.9,34.2,0.3
2020-10-25,29.1,25.2,34.3,0.3
2020-10-26,29.1,25.2,34.0,0.0
2020-10-27,28.4,25.3,33.6,
2020-10-28,26.8,25.5,31.5,
2020-10-29,25.0,23.2,29.2,57.9
2020-10-30,27.9,23.4,32.0,3.0
2020-10-31,28.2,23.6,33.1,0.0
2020-11-01,28.4,23.8,33.1,
2020-11-02,28.9,25.0,32.0,
2020-11-03,29.0,24.9,33.0,
2020-11-04,27.8,25.0,32.8,0.0
2020-11-05,28.5,26.0,32.0,33.0
2020-11-06,28.1,25.0,32.6,10.9
2020-11-07,26.5,24.5,32.1,23.1
2020-11-08,28.0,23.5,31.0,33.0
2020-11-09,27.2,23.0,31.0,0.0
2020-11-10,26.5,21.2,31.2,
2020-11-11,25.7,23.8,30.7,
2020-11-12,25.3,24.0,29.7,
2020-11-13,28.2,24.2,30.2,
2020-11-14,28.7,25.0,32.0,1.0
2020-11-15,26.9,23.4,32.1,13.0
2020-11-16,25.6,24.0,30.0,22.1
2020-11-17,26.8,22.8,30.6,29.0
2020-11-18,27.4,25.0,31.1,4.1
2020-11-19,28.5,24.8,34.0,0.5
2020-11-20,28.3,24.0,33.0,0.0
2020-11-21,27.8,22.0,33.0,
2020-11-22,27.7,21.1,32.0,
2020-11-23,28.3,23.4,33.0,
2020-11-24,26.3,22.7,31.4,71.1
2020-11-25,26.0,21.0,27.0,147.1
2020-11-26,25.0,21.6,28.0,114.0
2020-11-27,26.1,19.3,30.0,6.1
2020-11-28,27.7,20.8,32.0,0.0
2020-11-29,27.2,22.4,30.0,
2020-11-30,27.6,22.5,31.0,3.0
2020-12-01,27.3,21.6,30.6,0.0
2020-12-02,26.8,23.4,29.6,
2020-12-03,26.3,22.0,28.0,46.0
2020-12-04,26.1,23.0,27.0,57.9
2020-12-05,26.4,22.0,28.0,40.9
2020-12-06,27.9,22.6,31.0,21.1
2020-12-07,27.4,22.3,30.0,7.9
2020-12-08,27.8,21.9,32.0,27.9
2020-12-09,27.3,23.0,31.0,8.9
2020-12-10,26.4,21.0,31.0,0.0
2020-12-11,26.0,20.5,31.0,
2020-12-12,26.5,20.6,31.0,
2020-12-13,26.8,21.2,31.0,
2020-12-14,26.5,21.0,31.0,
2020-12-15,28.1,21.5,32.0,
2020-12-16,27.7,23.2,30.8,3.0
2020-12-17,27.6,24.1,30.0,7.9
2020-12-18,27.3,23.0,32.0,0.0
2020-12-19,27.2,23.4,31.0,0.0
2020-12-20,27.1,22.0,30.0,
2020-12-21,26.1,21.1,30.0,
2020-12-22,25.1,20.6,29.6,
2020-12-23,25.3,20.4,29.0,
2020-12-24,25.3,19.4,30.0,
2020-12-25,25.8,20.1,30.0,
2020-12-26,25.9,20.5,30.0,
2020-12-27,25.9,21.5,30.0,
2020-12-28,26.5,21.0,30.0,
2020-12-29,27.1,23.4,30.0,
2020-12-30,27.2,24.0,29.4,
2020-12-31,27.1,25.0,30.0,
